-- phpMyAdmin SQL Dump
-- version 5.1.1
-- https://www.phpmyadmin.net/
--
-- Host: 127.0.0.1
-- Generation Time: Jul 15, 2023 at 04:05 AM
-- Server version: 10.4.22-MariaDB
-- PHP Version: 8.1.2

SET SQL_MODE = "NO_AUTO_VALUE_ON_ZERO";
START TRANSACTION;
SET time_zone = "+00:00";


/*!40101 SET @OLD_CHARACTER_SET_CLIENT=@@CHARACTER_SET_CLIENT */;
/*!40101 SET @OLD_CHARACTER_SET_RESULTS=@@CHARACTER_SET_RESULTS */;
/*!40101 SET @OLD_COLLATION_CONNECTION=@@COLLATION_CONNECTION */;
/*!40101 SET NAMES utf8mb4 */;

--
-- Database: `pkl62_monitoring`
--
CREATE DATABASE IF NOT EXISTS `pkl62_monitoring` DEFAULT CHARACTER SET latin1 COLLATE latin1_swedish_ci;
USE `pkl62_monitoring`;

-- --------------------------------------------------------

--
-- Table structure for table `posisi_pcl`
--

CREATE TABLE `posisi_pcl` (
  `nim` varchar(9) COLLATE utf8mb4_unicode_ci NOT NULL,
  `nama` varchar(50) COLLATE utf8mb4_unicode_ci DEFAULT NULL,
  `no_hp` varchar(16) COLLATE utf8mb4_unicode_ci DEFAULT NULL,
  `id_tim` int(11) NOT NULL,
  `lokus` varchar(256) COLLATE utf8mb4_unicode_ci DEFAULT NULL,
  `latitude` double DEFAULT NULL,
  `longitude` double DEFAULT NULL,
  `akurasi` double DEFAULT NULL,
  `time_created` datetime DEFAULT NULL ON UPDATE current_timestamp()
) ENGINE=InnoDB DEFAULT CHARSET=utf8mb4 COLLATE=utf8mb4_unicode_ci;

--
-- Dumping data for table `posisi_pcl`
--

INSERT INTO `posisi_pcl` (`nim`, `nama`, `no_hp`, `id_tim`, `lokus`, `latitude`, `longitude`, `akurasi`, `time_created`) VALUES
('111910986', 'Calvin Timothy Panjaitan', '6281396939636', 8, 'Kota Malang', -8.0026183333333, 112.63867833333, 9.8, '2023-01-30 14:17:38'),
('111911006', 'Nur Eka Diana', '6282279434303', 21, 'Kota Malang', -7.97321826, 112.61117999, 24.219685, '2023-01-29 23:08:09'),
('112011262', 'Nashif Satria Ramadhan', '6289666031380', 34, 'Kota Malang', -7.98632926, 112.62370152, 7.585, '2023-01-30 11:11:39'),
('112011268', 'Wildhan Surya Putra', '6282393141404', 108, 'Kota Batu', -7.8968766666667, 112.52999, 10.2, '2023-01-29 19:16:23'),
('112011272', 'Laila Arrohmah', '6281534406415', 18, 'Kota Malang', -7.9736433333333, 112.61112666667, 9.6, '2023-01-26 21:39:13'),
('112011277', 'Fitri Handayani', '6282284831109', 11, 'Kota Malang', -7.97997837, 112.66522573, 5, '2023-01-30 19:58:48'),
('112011279', 'Ubaid Firmandeka Hariyono', '6289678895420', 81, 'Kabupaten Malang', -8.03262657, 112.80838491, 57.646, '2023-01-28 20:55:21'),
('112011299', 'Putri Puspita Sari', '6289514456555', 68, 'Kabupaten Malang', -8.03234412, 112.80850344, 6.403751, '2023-01-28 07:18:50'),
('112011302', 'Pawestri Utami', '6282146189034', 74, 'Kabupaten Malang', -7.85455392, 112.49227934, 48.544, '2023-01-30 07:57:37'),
('112011313', 'Saifullah Fatah', '6282324660485', 27, 'Kota Malang', -7.96274696, 112.62655703, 57.646, '2023-01-29 11:34:23'),
('112011337', 'Agian Dila Ayuningtyas', '6285865502896', 67, 'Kabupaten Malang', -7.85429485, 112.4926271, 66.748, '2023-01-29 07:29:18'),
('112011346', 'Aqilla Darrin Maharami', '6287802976470', 33, 'Kota Malang', -7.98936568, 112.63184712, 78.883995, '2023-01-28 13:29:19'),
('112011348', 'Yusa Okta Mahendra', '62895391785155', 75, 'Kabupaten Malang', -8.03238163, 112.80870459, 25.789, '2023-01-30 20:35:40'),
('112011368', 'Steven Navaldin Hondro', '6281269242750', 37, 'Kota Malang', -7.9659826, 112.63906654, 59.163, '2023-01-30 09:12:17'),
('112011387', 'Maya Imas Tirany', '6281235237625', 57, 'Kota Malang', -7.94491069, 112.62118692, 45.51, '2023-01-28 20:59:32'),
('112011394', 'Bagus Akbar Hidayatullah', '6281229827312', 73, 'Kabupaten Malang', -8.31127856, 112.58072828, 50.277924, '2023-01-28 10:15:18'),
('112011408', 'Neka Putri Fardila', '6285600974336', 42, 'Kota Malang', -6.2314044171944, 106.8691433128, 13, '2023-01-21 20:03:49'),
('112011414', 'Icha Wahyu Kusuma Ningrum', '6285878917028', 41, 'Kota Malang', -7.96574309, 112.639214, 71.298996, '2023-01-30 00:32:29'),
('112011417', 'Raisa Meidy Mustapa', '6282368247210', 39, 'Kota Malang', -7.96625, 112.639355, 8.7, '2023-01-27 17:20:52'),
('112011422', 'Muhammad Reyhan Fadhilla', '6287736017965', 47, 'Kota Malang', -7.96627494, 112.63934262, 10.6189995, '2023-01-30 06:42:50'),
('112011423', 'Fadhil Mukti Ardhana', '6285668104611', 83, 'Kabupaten Malang', -8.03217235, 112.80866678, 33.374, '2023-01-30 09:25:24'),
('112011447', 'Khasna Luthfia', '6281226699016', 87, 'Kabupaten Malang', -8.2240766666667, 112.598865, 10.3, '2023-01-27 08:54:15'),
('112011450', 'Zhafara Alfa Abdillah', '6285228399694', 32, 'Kota Malang', -7.98125871, 112.62667894, 16.687, '2023-01-30 14:41:03'),
('112011459', 'Nurfi Ardillah Subaha', '628983765138', 40, 'Kota Malang', -7.96601682, 112.63919539, 67, '2023-01-29 14:48:20'),
('112011467', 'Rafaela Suryadiva Indira Maharani', '6281393701630', 24, 'Kota Malang', -7.97356611, 112.61102414, 30, '2023-01-30 17:03:49'),
('112011468', 'Martino Dwi Saputra', '6289668281933', 82, 'Kabupaten Malang', -7.85466384, 112.49231023, 43.993, '2023-01-28 06:58:35'),
('112011474', 'Isna Syafira Khalif Ilma', '6282220487017', 3, 'Kota Surabaya', -7.32865078, 112.74579811, 15, '2023-01-27 12:25:19'),
('112011477', 'Intan Putri Utami', '62895344470986', 71, 'Kabupaten Malang', -8.31132518, 112.58067176, 65.230995, '2023-01-29 19:07:30'),
('112011480', 'Margogo Beltsazar Raplito', '6281367584263', 49, 'Kota Malang', -7.93843012, 112.57526587, 260.6858, '2023-01-30 16:09:25'),
('112011484', 'Yustika Rahma Wati', '6287788827708', 64, 'Kabupaten Malang', -8.03262937, 112.80854829, 19.720999, '2023-01-29 16:47:22'),
('112011488', 'Theresia Intan Jessica', '6285312374350', 30, 'Kota Malang', -7.97443177, 112.61544115, 9.935046, '2023-01-30 12:56:42'),
('112011491', 'Milie Diarty', '6281929518868', 36, 'Kota Malang', -7.9433166666667, 112.62984166667, 11.1, '2023-01-29 10:49:27'),
('112011495', 'Aqila Nisalwa Ahkam', '6281226526044', 70, 'Kabupaten Malang', -8.3012137127748, 112.49606474676, 32, '2023-01-30 14:50:15'),
('112011497', 'Kautsar Hilmi Izzuddin', '6281275308538', 78, 'Kabupaten Malang', -8.03230491, 112.80855986, 16.306467, '2023-01-28 21:29:42'),
('112011500', 'Nur Kholis', '6281263993083', 58, 'Kota Malang', -7.94142138, 112.60855601, 24.272, '2023-01-30 17:29:18'),
('112011501', 'Najwa Fairus Samaya', '62895415969010', 85, 'Kabupaten Malang', -8.04174205, 112.76845952, 13.653, '2023-01-28 09:44:53'),
('112011504', 'Shinta Marwah Azizah', '6282274259977', 45, 'Kota Malang', -7.93720495, 112.6531888, 7.585, '2023-01-30 09:30:02'),
('112011507', 'Indramawan Yusuf Adi Prayoga', '6289522675151', 38, 'Kota Malang', -7.978335, 112.63633833333, 7, '2023-01-29 16:41:13'),
('112011516', 'Fransiskus Glori Tampubolon', '6285260920932', 54, 'Kota Malang', -7.94509943, 112.6209115, 62.197, '2023-01-29 20:12:15'),
('112011523', 'Abi Kayana Hibatullah Yahya', '6285234609332', 52, 'Kota Malang', -7.94502231, 112.62104945, 78.883995, '2023-01-29 16:52:26'),
('112011526', 'Junita Sholekhatun Safitri', '6285802709055', 66, 'Kabupaten Malang', -7.85440572, 112.49239756, 22.755, '2023-01-29 11:36:11'),
('112011529', 'Maria Retno Febriana', '6282243482873', 50, 'Kota Malang', -7.94571294, 112.62183175, 28, '2023-01-29 21:01:52'),
('112011535', 'Muhammad Rafii Al Muflih', '6285691028772', 20, 'Kota Malang', -7.973745, 112.61117833333, 11.5, '2023-01-28 12:43:46'),
('112011541', 'Aulia Rahman', '6285251406732', 51, 'Kota Malang', -7.963745, 112.63353, 12.8, '2023-01-30 11:37:40'),
('112011544', 'Rayhan Ardiya Januprasetya', '6281227261343', 56, 'Kota Malang', -7.99234, 112.67863733333, 3.85, '2023-01-29 13:28:53'),
('112011547', 'Fika Fuza Syahdana', '6285799336454', 10, 'Kota Malang', -7.98004084, 112.66525408, 22.755, '2023-01-30 19:53:14'),
('112011557', 'Maria A. Hasiholan Siallagan', '6281347804031', 94, 'Kabupaten Malang', -8.0323066666667, 112.72103166667, 4.4, '2023-01-28 16:02:11'),
('112011564', 'Muhammad Erza Lesmana', '6289680673897', 63, 'Kabupaten Malang', -8.3027892792597, 112.51795420423, 34.5, '2023-01-30 17:36:54'),
('112011573', 'Erlina Nur Syamsiyah', '6285713294138', 69, 'Kabupaten Malang', -8.03253544, 112.80833221, 3, '2023-01-28 10:42:28'),
('112011581', 'G.A. Allycia Devy Shavitri', '6282146164712', 62, 'Kota Malang', -7.9561529913917, 112.61176077649, 33, '2023-01-30 11:16:22'),
('112011588', 'Juan Pradana Putra', '6285742630054', 55, 'Kota Malang', -7.95015298, 112.61819769, 7.4414816, '2023-01-29 13:02:15'),
('112011597', 'Muhammad Naufal Shidqii Al Ayubi', '6281218603396', 59, 'Kota Malang', -7.95788973, 112.60231677, 50.060997, '2023-01-30 11:55:07'),
('112011602', 'Winar Wahyu Prastanika', '681807810166', 80, 'Kabupaten Malang', -8.3075933333333, 112.58044833333, 10.2, '2023-01-25 19:19:48'),
('112011614', 'Marwah Erni Ariyani', '62895422865140', 88, 'Kabupaten Malang', -7.85451571, 112.49233068, 72.815994, '2023-01-29 08:51:07'),
('112011658', 'Devisca Mutiara Citra', '6289674596571', 89, 'Kabupaten Malang', -8.2295642, 112.60013353, 43.993, '2023-01-30 17:33:14'),
('112011663', 'Riski Aulia Dwi Utami', '6282386533282', 60, 'Kota Malang', -7.9440633333333, 112.62072166667, 3.2, '2023-01-29 19:05:35'),
('112011668', 'Erfangga Bayu Kurniawan', '6282324018248', 9, 'Kota Malang', -7.98389729, 112.66061639, 107.707, '2023-01-30 08:02:15'),
('112011673', 'Lalu Riza Singrapati', '6282236450789', 91, 'Kabupaten Malang', -7.8547289, 112.4916582, 20.9, '2023-01-30 20:22:32'),
('112011701', 'Retno Palupi', '6282313273928', 25, 'Kota Malang', -7.97396618, 112.61687316, 50, '2023-01-30 16:15:49'),
('112011723', 'Ahmad Sovi Hidayat', '6282250604292', 5, 'Kota Malang', -8.03498898, 112.65556249, 25.789, '2023-01-30 17:34:32'),
('112011728', 'Achmad Choirul Huda', '628563947775', 35, 'Kota Malang', -7.9628789657727, 112.62092244811, 12, '2023-01-27 10:20:47'),
('112011745', 'Muhammad Almas Yafi\'', '6289668727606', 79, 'Kabupaten Malang', -8.31161599, 112.58106483, 33.374, '2023-01-30 18:43:44'),
('112011768', 'Kamal Maulana Alfi', '6281250422767', 15, 'Kota Malang', -7.94501025, 112.62106521, 39, '2023-01-30 20:40:36'),
('112011777', 'Jauharotul Maslakhah', '6282245127620', 14, 'Kota Malang', -7.94517055, 112.62153076, 59.163, '2023-01-30 20:11:38'),
('112011778', 'Sherina Rafidah Khairunnisa', '6282245173755', 93, 'Kabupaten Malang', -7.82779269, 112.45784897, 18.203999, '2023-01-28 12:21:52'),
('112011789', 'Anita Ambarsari', '6285646802628', 46, 'Kota Malang', -7.96607283, 112.63912825, 51.578, '2023-01-29 11:31:01'),
('112011803', 'Akhadiyah Indana Zulfa', '6281804115214', 61, 'Kota Malang', -7.94476122, 112.62193541, 51.578, '2023-01-30 06:49:44'),
('112011805', 'Alya Rudita Priyandini', '6283110016005', 6, 'Kota Malang', -7.9836467, 112.66083252, 21.237999, '2023-01-30 20:25:05'),
('112011808', 'Amida Alviani Muntaha', '6282138921734', 84, 'Kabupaten Malang', -8.22942675, 112.59994198, 22.755, '2023-01-28 07:24:22'),
('112011809', 'Asy-Syaja\'ul Haqqul Amin', '6285103431155', 90, 'Kabupaten Malang', -8.0411292, 112.76921856, 12.136, '2023-01-30 15:50:07'),
('112011811', 'Nurfi Kurnia Afrida', '6281246332137', 53, 'Kota Malang', -7.9445448, 112.62185395, 62.197, '2023-01-30 18:26:03'),
('112011816', 'Eka Putri Laillatul Cahyani', '6282338350246', 44, 'Kota Malang', -7.944605, 112.63931, 16.2, '2023-01-30 16:09:22'),
('112011819', 'M. Vikry Yachfi Syafril', '6282177246624', 65, 'Kabupaten Malang', -8.0323633333333, 112.80841666667, 8, '2023-01-28 06:26:37'),
('112011821', 'Nadiya Raihanah', '6289501509814', 43, 'Kota Malang', -7.9472297430038, 112.65858829021, 34.304, '2023-01-30 14:08:05'),
('112011826', 'Nabila Aurelliza Candrika Putri', '6283146028633', 86, 'Kabupaten Malang', -7.85442534, 112.49233614, 51.578, '2023-01-30 19:13:51'),
('112011832', 'Siti Larasati', '6281372914083', 28, 'Kota Malang', -7.9819216, 112.63022775, 30.34, '2023-01-30 17:58:09'),
('122011282', 'Rafif Hasabi', '6282236658513', 1, 'Kota Surabaya', -7.33386838, 112.71947049, 5.8025956, '2023-01-30 05:37:05'),
('122011296', 'Masna Novita Rahmaniar', '6281347946364', 17, 'Kota Malang', -7.97375571, 112.61129854, 24, '2023-01-30 19:23:49'),
('122011297', 'Taufiq Agung Kurniawan', '6285642012500', 29, 'Kota Malang', -7.96606236, 112.63900342, 21.237999, '2023-01-30 10:12:44'),
('122011343', 'Anak Agung Gede Rai Bhaskara Darmawan Pemayun', '6287857061378', 7, 'Kota Malang', -8.00816363, 112.63489427, 15, '2023-01-30 14:43:11'),
('122011347', 'Muhamad Feriyanto', '6285155123654', 92, 'Kabupaten Malang', -8.03239191, 112.80845657, 51.456, '2023-01-26 19:32:23'),
('122011365', 'Thomson', '62895341502060', 2, 'Kota Surabaya', -7.32896788, 112.74568172, 5, '2023-01-24 01:10:14'),
('122011462', 'Adelina Rahmawati', '6282335733674', 4, 'Kota Malang', -7.98381595, 112.66085123, 40.959, '2023-01-29 23:37:10'),
('122011486', 'Rizquna Nurul Fatihah', '6287718064653', 26, 'Kota Malang', -7.9446183333333, 112.621655, 8.3, '2023-01-29 05:34:19'),
('122011520', 'Anasrul', '6282364640892', 76, 'Kabupaten Malang', -8.3116528, 112.58108482, 17, '2023-01-28 13:32:21'),
('122011537', 'Intan Trihandini Alawiyah', '6287891586904', 13, 'Kota Malang', -7.9800966666667, 112.66525, 6.6, '2023-01-30 19:25:54'),
('122011560', 'Widia Astuti', '6282252740302', 31, 'Kota Malang', -7.9626816666667, 112.6213, 4.2, '2023-01-28 09:55:01'),
('122011566', 'Khasatun Prasasti Saputri', '6285239356553', 16, 'Kota Malang', -8.00815865, 112.62934568, 35, '2023-01-30 14:25:13'),
('122011572', 'Maulidya Fan Ghul Udzan Utami', '6285648222002', 77, 'Kabupaten Malang', -7.84454807, 112.47027044, 20, '2023-01-30 09:58:50'),
('122011620', 'Pandya Almastiana Alifka', '6285601417522', 23, 'Kota Malang', -7.97366668, 112.611175, 22, '2023-01-27 21:41:49'),
('122011635', 'I Made Satria Ambara Putra', '6281239385486', 12, 'Kota Malang', -7.98026231, 112.66533695, 21, '2023-01-30 08:58:10'),
('122011730', 'Nur Retno Fitriyyah', '6282339152479', 22, 'Kota Malang', -7.98630636, 112.6122739, 29.51636, '2023-01-30 18:00:59'),
('122011746', 'Drajat Ali Mulkan', '682379883130', 72, 'Kabupaten Malang', -7.85763165, 112.48449262, 17.391937, '2023-01-29 07:44:37'),
('122011780', 'Muhammad Farhan', '6285791135970', 19, 'Kota Malang', -7.9735792166667, 112.61139493333, 1.9525374, '2023-01-28 11:21:32'),
('122011788', 'Muhammad Sirojuddin', '6285785887824', 48, 'Kota Malang', -7.89470669, 112.60881748, 50.695404, '2023-01-29 23:24:05'),
('211910850', 'Fadhil Aqsa Prana', '6285950252085', 125, 'Kota Batu', -7.86627352, 112.52726261, 85.07811, '2023-01-24 22:13:21'),
('211910986', 'Calvin Timothy Panjaitan', '6281396939636', 8, 'Kota Malang', -8.00359423, 112.63981836, 25.789, '2023-01-30 16:53:56'),
('211911006', 'Nur Eka Diana', '6282279434303', 21, 'Kota Malang', -7.94506191, 112.62094922, 31.69953, '2023-01-30 19:27:50'),
('211911227', 'Bryan Etmon Moriolkosu', '6282199026219', 18, 'Kota Malang', -7.9735616666667, 112.61127, 9, '2023-01-30 20:30:20'),
('212011251', 'Arya Candra Kusuma', '628112952662', 94, 'Kabupaten Malang', -8.03253356, 112.80816432, 50.060997, '2023-01-29 18:38:02'),
('212011252', 'Adithiya Hamdani', '628973177976', 70, 'Kabupaten Malang', -8.30282735, 112.51807689, 38.214596, '2023-01-30 16:24:44'),
('212011254', 'Atina Asyfa Amania', '6288227802963', 16, 'Kota Malang', -8.01578831, 112.62385799, 9.237027, '2023-01-30 20:44:54'),
('212011256', 'Muhammad Ilhamsyah', '6281254845539', 13, 'Kota Malang', -7.9842498432845, 112.68587448634, 14.5, '2023-01-30 18:19:02'),
('212011258', 'Jasmine \'Abqoriyyah Haryanto', '6283836140840', 9, 'Kota Malang', -7.9836537, 112.66062865, 36.407997, '2023-01-30 20:42:17'),
('212011261', 'Najla\' Salshabilla', '6285264325553', 29, 'Kota Malang', -7.9802, 112.63286166667, 11.1, '2023-01-30 17:56:40'),
('212011262', 'Nashif Satria Ramadhan', '6289666031380', 34, 'Kota Malang', -7.99334, 112.624055, 10.3, '2023-01-30 20:24:08'),
('212011263', 'Firrar Ayu Hastungkara Sudrajat', '6282137497979', 1, 'Kota Surabaya', -7.33383207, 112.71963952, 11.629185, '2023-01-30 15:29:13'),
('212011264', 'Muhammad Yusuf', '6285261667890', 85, 'Kabupaten Malang', -8.03228832, 112.8088063, 40.57164, '2023-01-30 08:06:39'),
('212011265', 'Miftahus Sa\'adah', '6285274128307', 82, 'Kabupaten Malang', -7.85450247, 112.49215792, 41.75778, '2023-01-28 06:54:23'),
('212011268', 'Wildhan Surya Putra', '6282393141404', 108, 'Kota Batu', -7.86188784, 112.52148604, 46, '2023-01-30 00:54:39'),
('212011269', 'Fajriana Fadhlul Fikri', '6285741422825', 111, 'Kota Batu', -7.8690433333333, 112.52100833333, 8.9, '2023-01-30 16:44:26'),
('212011272', 'Laila Arrohmah', '6281534406415', 18, 'Kota Malang', -7.9736516666667, 112.61113166667, 7.1, '2023-01-29 20:50:52'),
('212011273', 'Syahrizal Kautsar', '6285975267054', 61, 'Kota Malang', -7.9460966666667, 112.62273166667, 11.6, '2023-01-30 20:22:29'),
('212011276', 'Yhassesa Rahma Citamega', '6289678859445', 31, 'Kota Malang', -7.9727883333333, 112.63502333333, 11.6, '2023-01-30 17:16:49'),
('212011277', 'Fitri Handayani', '6282284831109', 11, 'Kota Malang', -7.9802283333333, 112.66557166667, 7.8, '2023-01-30 20:05:51'),
('212011278', 'Zahra Maharani', '6285647325089', 20, 'Kota Malang', -7.97379079, 112.61143526, 21.917543, '2023-01-30 15:45:34'),
('212011279', 'Ubaid Firmandeka Hariyono', '6289678895420', 81, 'Kabupaten Malang', -8.03275028, 112.80816438, 39.441998, '2023-01-28 20:25:19'),
('212011280', 'Adit Kholiq', '6285759614686', 58, 'Kota Malang', -7.9430077783763, 112.61143296026, 12, '2023-01-29 12:34:43'),
('212011283', 'Putri Ramatillah Ramadhana', '6282361609484', 84, 'Kabupaten Malang', -8.2294906, 112.5999869, 82.5, '2023-01-29 19:43:32'),
('212011284', 'Setiawan Ariansyah', '6285809701452', 118, 'Kota Batu', -7.87139, 112.50343, 11.4, '2023-01-30 11:33:17'),
('212011285', 'Sandi Anardito Putra', '6281237274663', 68, 'Kabupaten Malang', -8.04475151, 112.8086237, 15.885718, '2023-01-30 10:50:54'),
('212011286', 'Meautia Rahmi', '6285280747330', 64, 'Kabupaten Malang', -8.0874133333333, 112.81737, 1.8, '2023-01-29 10:40:53'),
('212011288', 'Alya Nur Septiyana', '6281218632475', 70, 'Kabupaten Malang', -8.3118433333333, 112.58079333333, 7.6, '2023-01-30 19:34:38'),
('212011290', 'Rara Estiningtyas Diyanti', '6282175546113', 73, 'Kabupaten Malang', -8.3115457, 112.58071566, 31, '2023-01-30 20:41:08'),
('212011291', 'Nurusyifa Somanaya', '6289681112293', 99, 'Kota Batu', -7.86188295, 112.52183439, 10.298072, '2023-01-30 11:14:27'),
('212011292', 'Muhammad Arkham Maulana Wibisono', '6289669599952', 87, 'Kabupaten Malang', -8.22539476, 112.59603785, 7.511024, '2023-01-28 11:16:44'),
('212011299', 'Putri Puspita Sari', '6289514456555', 68, 'Kabupaten Malang', -8.0522878333333, 112.80890498333, 2.298883, '2023-01-25 12:01:16'),
('212011300', 'Veny Nurhayani', '6282174316572', 19, 'Kota Malang', -7.9736233333333, 112.61107666667, 9.2, '2023-01-30 20:24:08'),
('212011302', 'Pawestri Utami', '6282146189034', 74, 'Kabupaten Malang', -7.84931128, 112.47896314, 9.541808, '2023-01-30 19:41:39'),
('212011303', 'Ramadhanti Rosyada', '6287734549644', 62, 'Kota Malang', -7.9630129924044, 112.61392917484, 17, '2023-01-30 19:21:01'),
('212011304', 'Ruth Enjelika Manik', '6282267004014', 5, 'Kota Malang', -8.0207083333333, 112.63478666667, 20.7, '2023-01-30 17:37:27'),
('212011305', 'Aisha Arthamevia', '6281398511998', 106, 'Kota Batu', -7.8784307, 112.522268, 38.101, '2023-01-30 10:58:46'),
('212011306', 'Ana Setiyana', '6285640653060', 97, 'Kota Batu', -7.86183837, 112.52190568, 7, '2023-01-30 19:39:48'),
('212011308', 'Ditto Satrio Wicaksono', '6287819950381', 94, 'Kabupaten Malang', -8.0368286351759, 112.71733499422, 24, '2023-01-30 12:16:04'),
('212011309', 'Marini Safa Aziza', '6281519961747', 104, 'Kota Batu', -7.8964811749756, 112.55096842535, 15, '2023-01-30 17:05:37'),
('212011310', 'Rahma Zikra Yendri', '6281372927119', 38, 'Kota Malang', -7.98592053, 112.6405893, 57.237988, '2023-01-30 17:42:12'),
('212011312', 'Aisyah \'Azizah Nur Rahmah', '6289508927123', 51, 'Kota Malang', -7.94484, 112.62153666667, 14.1, '2023-01-30 20:05:35'),
('212011313', 'Saifullah Fatah', '6282324660485', 27, 'Kota Malang', -7.94489381, 112.62086984, 13.936001, '2023-01-30 14:48:17'),
('212011315', 'Sri Yolanda Zakiah', '6282386499425', 78, 'Kabupaten Malang', -8.0594790168107, 112.74755121209, 54.5, '2023-01-29 09:17:36'),
('212011318', 'Aditya Rachma Saputra', '62895377054191', 88, 'Kabupaten Malang', -7.841345, 112.46052666667, 9.9, '2023-01-30 17:21:39'),
('212011322', 'Ages Marcello', '628979432425', 19, 'Kota Malang', -8.0054283333333, 112.624465, 11.1, '2023-01-30 17:33:07'),
('212011323', 'Muhammad Guntur Ilham', '6289678032266', 98, 'Kota Batu', -7.86399576, 112.55744514, 9.716499, '2023-01-29 19:54:39'),
('212011326', 'Amanda Chairunisa', '6285156564237', 118, 'Kota Batu', -7.8728028433397, 112.50545611605, 83.5, '2023-01-30 11:44:05'),
('212011327', 'Lovidiaz Elsyfa Yessyratna Arif', '6285856048029', 68, 'Kabupaten Malang', -8.03249927, 112.80848679, 7.202529, '2023-01-30 16:58:07'),
('212011328', 'Tayasi Ditoresmi Gayatri', '6282220117432', 75, 'Kabupaten Malang', -8.0235808342695, 112.83431388438, 23, '2023-01-30 14:56:43'),
('212011329', 'Karina Himalaya', '6282289238143', 104, 'Kota Batu', -7.89641085, 112.5509627, 17, '2023-01-30 20:42:28'),
('212011331', 'Raihan Bariq Kamal', '6285792471038', 96, 'Kota Batu', -7.8455466666667, 112.52818666667, 9, '2023-01-29 19:25:58'),
('212011332', 'Pamelina Alisha Kusumasari', '6282133459275', 53, 'Kota Malang', -7.9407984292744, 112.60091030828, 96, '2023-01-30 20:06:31'),
('212011336', 'Hamidati Uliya Rahmi', '6281952065525', 65, 'Kabupaten Malang', -8.07823177, 112.74588501, 16, '2023-01-29 07:56:53'),
('212011337', 'Agian Dila Ayuningtyas', '6285865502896', 67, 'Kabupaten Malang', -7.858975, 112.47314166667, 17.2, '2023-01-28 17:14:21'),
('212011338', 'Ervan Nur Rahmat', '62816993903', 32, 'Kota Malang', -7.97853342, 112.62792778, 26.447609, '2023-01-30 17:25:38'),
('212011339', 'Rika Dora', '6281632217172', 83, 'Kabupaten Malang', -8.04102, 112.77079166667, 10.8, '2023-01-28 13:19:07'),
('212011340', 'Sherin Bellavirginia', '6289659995414', 106, 'Kota Batu', -7.8619666666667, 112.52208666667, 9.1, '2023-01-30 16:04:26'),
('212011341', 'Yaulanda Fadhila', '6281220733404', 27, 'Kota Malang', -7.96582058, 112.63018092, 6.432, '2023-01-30 18:39:56'),
('212011342', 'Natasya Alwanti', '6282166458542', 89, 'Kabupaten Malang', -8.2293233228847, 112.60060890578, 46.5, '2023-01-29 20:16:20'),
('212011344', 'Firdatul Maulaya', '6285705509850', 88, 'Kabupaten Malang', -7.85436354, 112.49272235, 183.7037, '2023-01-30 12:04:53'),
('212011346', 'Aqilla Darrin Maharami', '6287802976470', 33, 'Kota Malang', -7.9876699531451, 112.62836934999, 26.5, '2023-01-30 18:49:27'),
('212011348', 'Yusa Okta Mahendra', '62895391785155', 75, 'Kabupaten Malang', -8.03229337, 112.8085784, 17.832088, '2023-01-30 20:39:32'),
('212011353', 'Salsabila Shafa Putri Rahadian', '6285931217180', 47, 'Kota Malang', -7.9279548861086, 112.64077967964, 17, '2023-01-30 17:15:22'),
('212011354', 'Fika Sabila haq', '6287722605887', 46, 'Kota Malang', -7.92737888, 112.6536189, 10.093025, '2023-01-30 19:40:20'),
('212011357', 'Geri Maulida Putri', '6281256693270', 10, 'Kota Malang', -7.98976123, 112.65186907, 11.746432, '2023-01-30 14:57:26'),
('212011359', 'Muhammad Prabu Dirgantara', '6289668814339', 89, 'Kabupaten Malang', -8.22040963, 112.58710029, 11.792, '2023-01-30 11:50:17'),
('212011360', 'Shaliha Kemala Zahra', '62895602708726', 79, 'Kabupaten Malang', -8.3114494, 112.58074344, 22, '2023-01-28 08:18:42'),
('212011363', 'Callista Luthfiyah Cahyani', '62895389393128', 32, 'Kota Malang', -7.97562604, 112.62852106, 25.728, '2023-01-30 18:08:22'),
('212011366', 'Werri Yulianto', '6289512492565', 115, 'Kota Batu', -7.87217999, 112.50381403, 43.993, '2023-01-30 20:45:06'),
('212011367', 'Nabila Yahya Putri', '6285156194485', 105, 'Kota Batu', -7.8619314730167, 112.52165908925, 48, '2023-01-29 23:00:49'),
('212011368', 'Steven Navaldin Hondro', '6281269242750', 37, 'Kota Malang', -7.96581804, 112.63947712, 91.02, '2023-01-30 20:36:56'),
('212011370', 'Fadhila Ramadhani Gita Putri', '6285385642857', 110, 'Kota Batu', -7.87114502, 112.52078885, 7.6467304, '2023-01-30 10:09:55'),
('212011375', 'Annisa Nurul Haqina', '62895611599409', 79, 'Kabupaten Malang', -8.31140893, 112.58078606, 25.728, '2023-01-30 20:47:38'),
('212011376', 'Naura Shada Kirana', '6282243392531', 28, 'Kota Malang', -7.96599785, 112.61695559, 5, '2023-01-25 20:13:18'),
('212011380', 'Milla Rusydiana', '6285156934025', 63, 'Kabupaten Malang', -8.33364228, 112.52874576, 16.08, '2023-01-29 09:31:13'),
('212011382', 'Vilentine Tessalonica Adisti Wibowo', '6289608345811', 65, 'Kabupaten Malang', -8.0520705333333, 112.76098323333, 3.356668, '2023-01-27 17:31:17'),
('212011383', 'Dista Rika Nor Ramadhani', '6289680955321', 109, 'Kota Batu', -7.87485259, 112.52748516, 15.008, '2023-01-30 15:13:30'),
('212011384', 'Dimas Ferdyansyah', '6281993659443', 113, 'Kota Batu', -7.87861202, 112.52160036, 33.64358, '2023-01-30 17:01:02'),
('212011385', 'Arum Eka Fitriyani', '6285225170369', 61, 'Kota Malang', -7.9383316666667, 112.63071166667, 9.6, '2023-01-30 17:12:57'),
('212011386', 'Isra Syukria Herida', '6282213193702', 122, 'Kota Batu', -7.8687343854032, 112.51907114283, 24, '2023-01-30 13:46:28'),
('212011387', 'Maya Imas Tirany', '6281235237625', 57, 'Kota Malang', -7.94381346, 112.60481365, 4.288, '2023-01-30 19:43:15'),
('212011388', 'Angga Jati Mandiri', '6281392093227', 95, 'Kota Batu', -7.8679733333333, 112.53957333333, 7.3, '2023-01-28 11:48:51'),
('212011391', 'Santi Hayuning Putri', '6285728745160', 109, 'Kota Batu', -7.86164608, 112.52173728, 48.544, '2023-01-29 10:43:16'),
('212011394', 'Bagus Akbar Hidayatullah', '6281229827312', 73, 'Kabupaten Malang', -8.31548266, 112.57966652, 45, '2023-01-30 19:42:50'),
('212011396', 'Natan Ardi Santosa', '628813841343', 25, 'Kota Malang', -7.9663868, 112.63578764, 23.58606, '2023-01-30 16:49:56'),
('212011398', 'Afidita Nabila Putri', '6285606388060', 8, 'Kota Malang', -8.00051865, 112.63284613333, 1.2856185, '2023-01-30 18:57:39'),
('212011399', 'Apriliani Nur Rohmah', '6281328233691', 112, 'Kota Batu', -7.86194531, 112.52232903, 77.367, '2023-01-28 09:11:40'),
('212011400', 'Alfiyah Nurul Kahfi', '6285742474247', 102, 'Kota Batu', -7.90579165, 112.56275228, 8.220239, '2023-01-30 17:23:49'),
('212011406', 'Akbaril Fahmi Assufi', '6287887595718', 97, 'Kota Batu', -7.86103089, 112.54028296, 12.616411, '2023-01-30 19:15:40'),
('212011408', 'Neka Putri Fardila', '6285600974336', 42, 'Kota Malang', -7.9540054639801, 112.65362997539, 15, '2023-01-30 14:28:19'),
('212011409', 'Amirudin', '6285229953769', 70, 'Kabupaten Malang', -8.3109933333333, 112.58105166667, 8.4, '2023-01-30 17:20:00'),
('212011410', 'Ragil Novia Ramadhani', '628985958026', 87, 'Kabupaten Malang', -8.229485, 112.59987166667, 13.2, '2023-01-30 20:43:41'),
('212011411', 'Imelda Salsabila', '6282257972501', 98, 'Kota Batu', -7.86407307, 112.55753736, 13.025082, '2023-01-30 10:11:33'),
('212011412', 'Francisca Montelia Putri Manik', '6282392134857', 56, 'Kota Malang', -7.99223334, 112.6785989, 10.720714, '2023-01-30 18:29:59'),
('212011413', 'Dinda Saskia Rahma Dewi', '6285339016622', 78, 'Kabupaten Malang', -8.0323866666667, 112.80843333333, 12.4, '2023-01-29 10:47:06'),
('212011414', 'Icha Wahyu Kusuma Ningrum', '6285878917028', 41, 'Kota Malang', -7.9664716666667, 112.63933, 5.1, '2023-01-30 15:40:48'),
('212011415', 'Okta Parina', '6285609637116', 71, 'Kabupaten Malang', -8.31745402, 112.57928786, 25.789, '2023-01-29 11:05:18'),
('212011417', 'Raisa Meidy Mustapa', '6282368247210', 39, 'Kota Malang', -7.9694916666667, 112.642425, 10, '2023-01-30 17:16:38'),
('212011418', 'Fatia Putri Yasmin', '6289517084635', 80, 'Kabupaten Malang', -8.31161474, 112.58068588, 29, '2023-01-29 11:19:47'),
('212011419', 'Yoqi Nanda Gustifanny', '6283135857974', 110, 'Kota Batu', -7.8734066666667, 112.52379333333, 4.8, '2023-01-30 16:38:49'),
('212011420', 'Afriani Kartika Putri', '6285649620703', 91, 'Kabupaten Malang', -7.8544716666667, 112.49227666667, 7, '2023-01-30 17:16:27'),
('212011422', 'Muhammad Reyhan Fadhilla', '6287736017965', 47, 'Kota Malang', -7.9281223, 112.64078844, 15.120646, '2023-01-30 16:33:36'),
('212011423', 'Fadhil Mukti Ardhana', '6285668104611', 83, 'Kabupaten Malang', -8.05293039, 112.81051939, 17.167786, '2023-01-30 16:49:38'),
('212011424', 'Fahmi Burhanuddin', '6281271850468', 102, 'Kota Batu', -7.90520563, 112.56200067, 16.080925, '2023-01-30 20:20:50'),
('212011425', 'Rifki Muzakki', '6282299251756', 120, 'Kota Batu', -7.87703187, 112.53023984, 9.435138, '2023-01-30 15:51:06'),
('212011426', 'Shelin Dina Erliana', '6285642095670', 55, 'Kota Malang', -7.94239505, 112.6216966, 5.36, '2023-01-30 19:57:48'),
('212011428', 'Ajeng Novia Sari', '62895355550006', 13, 'Kota Malang', -7.984333243221, 112.68582486548, 11.5, '2023-01-30 18:24:39'),
('212011429', 'Raja Saiban', '6287829024551', 101, 'Kota Batu', -7.90995606, 112.57840323, 26, '2023-01-29 17:24:55'),
('212011430', 'Zahra Rizky Fadilah', '6282324996991', 77, 'Kabupaten Malang', -7.8544566666667, 112.49217166667, 6.8, '2023-01-30 20:44:47'),
('212011431', 'Mita Febrianti', '6288262323596', 98, 'Kota Batu', -7.861887216568, 112.52156496048, 60.032, '2023-01-30 12:16:01'),
('212011433', 'Arief Ramadhan Rifky Hidayat', '6283135079461', 54, 'Kota Malang', -7.9318499565125, 112.61025488377, 90.048004, '2023-01-30 19:12:34'),
('212011434', 'Afifah Az-Zahra', '6281278555356', 93, 'Kabupaten Malang', -7.8235952166667, 112.468878, 10.578792, '2023-01-30 19:08:26'),
('212011435', 'Renaldi Ade Permana', '6285800616572', 121, 'Kota Batu', -7.86158, 112.52235333333, 148.2, '2023-01-30 17:42:38'),
('212011437', 'Tegar Kanthi Iman Utomo', '6285748144426', 113, 'Kota Batu', -7.88084616, 112.52907503, 12.837241, '2023-01-28 13:41:44'),
('212011438', 'Aulia Pramudya Wardani', '6285624831964', 80, 'Kabupaten Malang', -8.2294032443315, 112.5999884773, 19, '2023-01-29 22:06:28'),
('212011439', 'Byun Jiye Primasrani', '6289602987262', 90, 'Kabupaten Malang', -8.0521200830117, 112.76093652472, 7.5, '2023-01-30 15:15:44'),
('212011441', 'Febry Yulianti Saragih', '6285765208187', 73, 'Kabupaten Malang', -8.3156513, 112.5806299, 7.5932364, '2023-01-30 15:53:39'),
('212011442', 'Rinald Parulian Butar Butar', '6281264226930', 43, 'Kota Malang', -7.9488933333333, 112.66019666667, 8.4, '2023-01-29 19:51:25'),
('212011443', 'Ikbal Fatkhurrohman', '6289636773241', 90, 'Kabupaten Malang', -8.05215759, 112.76093176, 18.203999, '2023-01-30 15:37:51'),
('212011444', 'Farah Amalia Nurharisyah', '6282243382563', 67, 'Kabupaten Malang', -7.85820665, 112.48433625, 13.937325, '2023-01-30 19:36:24'),
('212011445', 'I Gusti Ngurah Yogi Sedana Nugraha', '628970263739', 24, 'Kota Malang', -7.96433207, 112.61050322, 7.3242016, '2023-01-30 15:38:07'),
('212011446', 'Umar Fauzan Luhur', '6289612739395', 15, 'Kota Malang', -7.97557393, 112.63172445, 71.298996, '2023-01-30 18:54:01'),
('212011447', 'Khasna Luthfia', '6281226699016', 87, 'Kabupaten Malang', -8.22949236, 112.60003918, 12.136, '2023-01-30 20:41:13'),
('212011448', 'Wanda Alfarinsya Putri', '6289510783352', 74, 'Kabupaten Malang', -7.8416866666667, 112.49053666667, 11.2, '2023-01-30 17:57:30'),
('212011450', 'Zhafara Alfa Abdillah', '6285228399694', 32, 'Kota Malang', -7.9816566666667, 112.629255, 9, '2023-01-30 09:17:08'),
('212011454', 'Imam Al Farizi Kausar', '6282177817291', 106, 'Kota Batu', -7.86240941, 112.52180658, 71.298996, '2023-01-30 20:33:02'),
('212011456', 'Khoirunisa Maula Izzaty', '6282223419934', 44, 'Kota Malang', -7.9660654300824, 112.63936213218, 11, '2023-01-30 18:15:37'),
('212011457', 'Huda Muhammad Fajar', '6285773271048', 58, 'Kota Malang', -7.94496807, 112.62116988, 5, '2023-01-24 03:42:21'),
('212011458', 'Putri Ulul Azmi', '6281214762242', 18, 'Kota Malang', -7.9941317666667, 112.61561335, 0.73819524, '2023-01-29 08:54:47'),
('212011459', 'Nurfi Ardillah Subaha', '628983765138', 40, 'Kota Malang', -7.96689, 112.64561166667, 13, '2023-01-30 18:54:36'),
('212011467', 'Rafaela Suryadiva Indira Maharani', '6281393701630', 24, 'Kota Malang', -7.9737064987421, 112.6114172861, 40, '2023-01-30 19:35:57'),
('212011468', 'Martino Dwi Saputra', '6289668281933', 82, 'Kabupaten Malang', -7.84322531, 112.4719132, 13.487609, '2023-01-29 13:10:36'),
('212011472', 'Sinta Nuriyah', '6285704411495', 105, 'Kota Batu', -7.8714144229889, 112.52671480179, 79.328, '2023-01-30 20:33:56'),
('212011473', 'Dyah Tri Larasati', '6287730039706', 66, 'Kabupaten Malang', -7.85791357, 112.46203457, 4.7312875, '2023-01-30 19:43:06'),
('212011474', 'Isna Syafira Khalif Ilma', '6282220487017', 3, 'Kota Surabaya', -7.29082473, 112.75597717, 6.170798, '2023-01-30 16:39:02'),
('212011475', 'I Gede Nyoman Setya Pradiptha', '6282150400326', 12, 'Kota Malang', -7.9773033333333, 112.66597833333, 7.4, '2023-01-30 19:53:19'),
('212011477', 'Intan Putri Utami', '62895344470986', 71, 'Kabupaten Malang', -8.31120663, 112.58060839, 53.094997, '2023-01-28 20:23:36'),
('212011478', 'Rosarina Debesti Tirdvalen. S.', '6285270739167', 69, 'Kabupaten Malang', -8.0556033333333, 112.72403166667, 6.8, '2023-01-28 16:33:14'),
('212011480', 'Margogo Beltsazar Raplito', '6281367584263', 49, 'Kota Malang', -7.93640218, 112.60043259, 19.720999, '2023-01-30 19:05:13'),
('212011481', 'Azzahra Dhisa Khamila', '6281334945720', 73, 'Kabupaten Malang', -8.31102, 112.58056666667, 20, '2023-01-28 08:44:18'),
('212011482', 'Fara Yulia Fransiska', '6285890459139', 92, 'Kabupaten Malang', -8.02051, 112.83766666667, 8.6, '2023-01-30 17:35:30'),
('212011483', 'Fajar Surya Baskara', '6281392090885', 34, 'Kota Malang', -7.99342232, 112.62505437, 8.790978, '2023-01-30 20:45:33'),
('212011484', 'Yustika Rahma Wati', '6287788827708', 64, 'Kabupaten Malang', -8.0257483333333, 112.76685666667, 10.8, '2023-01-29 09:41:08'),
('212011487', 'Riabela S', '6287869904837', 92, 'Kabupaten Malang', -8.02414673, 112.83149726, 15, '2023-01-30 17:02:48'),
('212011488', 'Theresia Intan Jessica', '6285312374350', 30, 'Kota Malang', -7.96577305, 112.61999493, 33.374, '2023-01-30 17:00:36'),
('212011489', 'Cucu Yusrina Danardi', '6285820361326', 114, 'Kota Batu', -7.8657121304423, 112.52088887617, 10.5, '2023-01-30 16:55:16'),
('212011490', 'Arneta Salsabila Hindriasta', '6285293324814', 99, 'Kota Batu', -7.86366, 112.537465, 10.7, '2023-01-29 11:08:50'),
('212011491', 'Milie Diarty', '6281929518868', 36, 'Kota Malang', -7.9470116666667, 112.61968833333, 8.7, '2023-01-30 19:34:27'),
('212011493', 'Michael Jonas.S', '6287829607060', 55, 'Kota Malang', -7.9451737459749, 112.62105773203, 11.5, '2023-01-30 18:16:49'),
('212011495', 'Aqila Nisalwa Ahkam', '6281226526044', 70, 'Kabupaten Malang', -8.22956775, 112.59990696, 60.72869, '2023-01-30 19:42:18'),
('212011497', 'Kautsar Hilmi Izzuddin', '6281275308538', 78, 'Kabupaten Malang', -8.04661751, 112.76235033, 36.52796, '2023-01-28 17:08:54'),
('212011498', 'Rizqi Annisa Zen', '6281335147020', 103, 'Kota Batu', -7.8963772, 112.55101074, 12.462269, '2023-01-30 18:40:08'),
('212011499', 'Rizki Riza Ridwansyah', '6282220097419', 26, 'Kota Malang', -7.94520257, 112.62137748, 44.030838, '2023-01-29 21:13:43'),
('212011500', 'Nur Kholis', '6281263993083', 58, 'Kota Malang', -7.9450370790437, 112.62103669345, 20.5, '2023-01-30 20:41:17'),
('212011501', 'Najwa Fairus Samaya', '62895415969010', 85, 'Kabupaten Malang', -8.03219015, 112.80852766, 13.653, '2023-01-28 12:16:08'),
('212011504', 'Shinta Marwah Azizah', '6282274259977', 45, 'Kota Malang', -7.942165, 112.65909166667, 8.8, '2023-01-30 17:17:39'),
('212011505', 'Dheti Oktalia', '628559855059', 67, 'Kabupaten Malang', -7.8608465194702, 112.48185753822, 26.800001, '2023-01-30 20:43:28'),
('212011506', 'Ahmad Tegar Prananggalih', '6281328266917', 2, 'Kota Surabaya', -7.33383967, 112.71976445, 38.797325, '2023-01-30 15:33:46'),
('212011507', 'Indramawan Yusuf Adi Prayoga', '6289522675151', 38, 'Kota Malang', -7.98623712, 112.64093259, 43.993, '2023-01-30 17:42:35'),
('212011508', 'Sri Rohmanisa Br Simangunsong', '6282268030776', 22, 'Kota Malang', -7.9735216666667, 112.61110166667, 7.1, '2023-01-30 20:03:09'),
('212011510', 'Ilham Abdul Razak Rizanto', '6285233703611', 122, 'Kota Batu', -7.8946716666667, 112.53349666667, 14.2, '2023-01-29 19:11:00'),
('212011511', 'Thessa Fauziah Pambudi', '6285755888837', 18, 'Kota Malang', -7.9734601126984, 112.61100975797, 11, '2023-01-30 20:47:29'),
('212011512', 'Rahajeng Fajritia', '6282111523320', 52, 'Kota Malang', -7.9248567251489, 112.59961816482, 23, '2023-01-30 19:56:01'),
('212011516', 'Fransiskus Glori Tampubolon', '6285260920932', 54, 'Kota Malang', -7.934415, 112.61016666667, 8.9, '2023-01-30 20:15:16'),
('212011517', 'Rianti Isnania', '6282325218680', 48, 'Kota Malang', -8.0227268440649, 112.63242887333, 14, '2023-01-28 19:08:00'),
('212011519', 'Maidatul Janah', '6285646168111', 96, 'Kota Batu', -7.8363733333333, 112.528055, 15.4, '2023-01-30 09:19:03'),
('212011522', 'Muhammad Yusuf Naufal', '6281388818389', 100, 'Kota Batu', -7.901625, 112.58616666667, 77.4, '2023-01-30 13:27:46'),
('212011523', 'Abi Kayana Hibatullah Yahya', '6285234609332', 52, 'Kota Malang', -7.9287333333333, 112.60690166667, 11.1, '2023-01-30 19:41:54'),
('212011525', 'Annisa Syifaulhaq', '6287899710626', 21, 'Kota Malang', -7.993855, 112.604045, 7.8, '2023-01-30 12:30:37'),
('212011526', 'Junita Sholekhatun Safitri', '6285802709055', 66, 'Kabupaten Malang', -7.858965, 112.453175, 6.9, '2023-01-30 20:30:53'),
('212011529', 'Maria Retno Febriana', '6282243482873', 50, 'Kota Malang', -7.9450929863378, 112.6217041444, 68.5, '2023-01-30 18:47:37'),
('212011530', 'Andre Halim Prasetio', '6282272689918', 116, 'Kota Batu', -7.86621659, 112.51991731, 10.22366, '2023-01-30 16:15:30'),
('212011531', 'Fiska Alfiyya Nurshauma', '6285703413683', 14, 'Kota Malang', -7.94500787, 112.62146899, 42.475998, '2023-01-30 20:43:57'),
('212011533', 'Aji Bagus Bahtiar', '6281229843633', 74, 'Kabupaten Malang', -7.8473866666667, 112.48881833333, 127.6, '2023-01-30 15:46:46'),
('212011535', 'Muhammad Rafii Al Muflih', '6285691028772', 20, 'Kota Malang', -8.006425, 112.61593666667, 7.3, '2023-01-30 20:34:17'),
('212011539', 'Jeremia Novaldi', '62895339210812', 68, 'Kabupaten Malang', -8.0338357994333, 112.81663091853, 19.5, '2023-01-29 20:34:44'),
('212011540', 'Ronald Hutajulu', '6282171706069', 124, 'Kota Batu', -7.90428241, 112.52611525, 3.7900925, '2023-01-29 16:22:56'),
('212011541', 'Aulia Rahman', '6285251406732', 51, 'Kota Malang', -7.94510147, 112.62106826, 24.272, '2023-01-30 18:06:11'),
('212011544', 'Rayhan Ardiya Januprasetya', '6281227261343', 56, 'Kota Malang', -7.99232488, 112.67868991, 34.891, '2023-01-30 18:18:26'),
('212011545', 'Puput Budi Aji', '6283844606462', 102, 'Kota Batu', -7.90537862, 112.56204186, 18.224, '2023-01-30 20:21:12'),
('212011547', 'Fika Fuza Syahdana', '6285799336454', 10, 'Kota Malang', -7.9926405474544, 112.64704464935, 14.5, '2023-01-30 16:40:12'),
('212011548', 'Syafni Dwi Darmawan', '6287702199678', 43, 'Kota Malang', -7.95091995, 112.65972623, 16.882935, '2023-01-30 19:43:30'),
('212011550', 'Zahra Ayu Lestari', '628568401717', 48, 'Kota Malang', -8.018005, 112.630755, 74.7, '2023-01-29 15:26:32'),
('212011552', 'Athira Fatin Naura', '628979175218', 51, 'Kota Malang', -7.96140205, 112.63221125, 22.755, '2023-01-30 15:19:00'),
('212011553', 'Khansa Luthfiyah Deva', '6287780817288', 44, 'Kota Malang', -7.94785313, 112.63912929, 40.959, '2023-01-30 12:03:53'),
('212011554', 'Umar Andriansyah', '6285700299291', 8, 'Kota Malang', -7.9836015666667, 112.66076618333, 2.4860573, '2023-01-30 20:41:35'),
('212011555', 'Rasya Az Zahra', '6289661968324', 112, 'Kota Batu', -7.8620033333333, 112.52179666667, 9.9, '2023-01-28 19:02:45'),
('212011556', 'Aronad Brilliantino Evan Maheswara', '62895392586778', 93, 'Kabupaten Malang', -7.82839763, 112.462518, 24.272, '2023-01-28 15:23:02'),
('212011557', 'Maria A. Hasiholan Siallagan', '6281347804031', 94, 'Kabupaten Malang', -8.016395, 112.84411833333, 9.3, '2023-01-30 17:50:04'),
('212011558', 'Aditya Prameswara Achmadi', '6285731295027', 110, 'Kota Batu', -7.874225, 112.521835, 6.6, '2023-01-30 19:15:07'),
('212011559', 'Fina Hilya Maulida', '6285156100392', 19, 'Kota Malang', -7.97366267, 112.61127715, 25.789, '2023-01-30 09:57:59'),
('212011562', 'Nessia Salsabilla', '6281227015701', 16, 'Kota Malang', -8.01587373, 112.62313692, 4.288, '2023-01-30 10:39:02'),
('212011563', 'Berliana Lolita Siahaan', '6287869800806', 12, 'Kota Malang', -7.97907702, 112.66287517, 5.36, '2023-01-30 19:02:36'),
('212011564', 'Muhammad Erza Lesmana', '6289680673897', 63, 'Kabupaten Malang', -8.3028366666667, 112.51799166667, 7.8, '2023-01-29 21:27:36'),
('212011567', 'Muhammad Dzaky Fawwaz', '628122327330', 16, 'Kota Malang', -8.00847804, 112.62945372, 27.18289, '2023-01-30 14:05:02'),
('212011570', 'Rizky Wahyuda Manik', '6285372913071', 40, 'Kota Malang', -7.96618917, 112.65341571, 64.84526, '2023-01-30 18:39:48'),
('212011571', 'Disa Puspa Deswinta', '6285727613870', 29, 'Kota Malang', -7.9810383333333, 112.63686833333, 10.4, '2023-01-30 19:06:56'),
('212011573', 'Erlina Nur Syamsiyah', '6285713294138', 69, 'Kabupaten Malang', -8.0324870254844, 112.82020554878, 43, '2023-01-29 20:03:14'),
('212011574', 'Nisrina Zulfa Kamila', '6281328087921', 121, 'Kota Batu', -7.84665131, 112.52757029, 34.304, '2023-01-30 07:14:36'),
('212011577', 'Anggit Wijayanti', '6285975206076', 116, 'Kota Batu', -7.8721466666667, 112.503745, 4.8, '2023-01-30 20:21:18'),
('212011578', 'Amellia Cahyani', '6282287266088', 50, 'Kota Malang', -7.95615, 112.63712166667, 8.8, '2023-01-30 16:34:17'),
('212011579', 'Vivi Dewita Sari', '6283863134097', 36, 'Kota Malang', -7.94492566, 112.62157678, 21.237999, '2023-01-30 20:27:56'),
('212011581', 'G.A. Allycia Devy Shavitri', '6282146164712', 62, 'Kota Malang', -7.95662465, 112.6125989, 52.770817, '2023-01-30 17:29:30'),
('212011582', 'Syifa Fauziyah', '6285722782351', 23, 'Kota Malang', -7.98461506, 112.62006511, 52.528, '2023-01-30 11:35:25'),
('212011583', 'Hana Wiyanti', '6285743846567', 63, 'Kabupaten Malang', -8.3028615312651, 112.51812024973, 21, '2023-01-30 17:36:28'),
('212011584', 'Nadiva Fitri Adristi', '6282130906200', 82, 'Kabupaten Malang', -7.85434852, 112.49245456, 31.097134, '2023-01-30 20:26:19'),
('212011588', 'Juan Pradana Putra', '6285742630054', 55, 'Kota Malang', -7.94997481, 112.6178641, 33.734974, '2023-01-30 19:27:43'),
('212011590', 'Ahmad Aulia Rahman', '6281556897939', 21, 'Kota Malang', -7.97363573, 112.61134108, 48.24, '2023-01-30 18:03:15'),
('212011591', 'Diska Agustinningtyas', '6283839141028', 26, 'Kota Malang', -7.9356816666667, 112.61777, 10.3, '2023-01-30 19:41:54'),
('212011593', 'Tarisha Althaf Utami', '6281215919827', 76, 'Kabupaten Malang', -8.3027533333333, 112.51866166667, 16.3, '2023-01-30 08:42:06'),
('212011594', 'Bayu Aji Bachtiar', '6287743048943', 64, 'Kabupaten Malang', -8.02550531, 112.76727693, 46, '2023-01-29 09:49:10'),
('212011597', 'Muhammad Naufal Shidqii Al Ayubi', '6281218603396', 59, 'Kota Malang', -7.9579116666667, 112.60284666667, 7.7, '2023-01-30 11:52:49'),
('212011598', 'Muhammad Gozali Yahya', '6282193063759', 68, 'Kabupaten Malang', -8.05296643, 112.81050507, 30.137915, '2023-01-30 19:03:16'),
('212011599', 'Ni Putu Nita Yuniarti', '6287702005575', 72, 'Kabupaten Malang', -7.85451888, 112.49232225, 51.074467, '2023-01-30 20:42:08'),
('212011600', 'Raif Maulana Lukman', '6285225843860', 111, 'Kota Batu', -7.87054, 112.52636833333, 10.2, '2023-01-30 17:55:35'),
('212011602', 'Winar Wahyu Prastanika', '681807810166', 80, 'Kabupaten Malang', -8.3109983333333, 112.58209333333, 97.6, '2023-01-30 20:26:01'),
('212011603', 'Anisa Hardiani Putri', '628983133484', 52, 'Kota Malang', -7.932645, 112.60190166667, 8.5, '2023-01-30 19:35:06'),
('212011604', 'Faried Akbar Nafiis', '6287848767468', 100, 'Kota Batu', -7.9023300670087, 112.58686132729, 13, '2023-01-30 19:55:57'),
('212011605', 'Jizan Fauzi Hariyanto', '6285787030515', 115, 'Kota Batu', -7.8724333333333, 112.50389, 16.7, '2023-01-29 21:45:02'),
('212011606', 'Irfan Syukri', '6281294654679', 103, 'Kota Batu', -7.89622987, 112.55093022, 14.633589, '2023-01-30 18:37:28'),
('212011608', 'Amadea Putri Deffare Sembiring', '6282166003297', 106, 'Kota Batu', -7.8787916666667, 112.52207333333, 16.8, '2023-01-29 15:35:52'),
('212011609', 'Desak Nyoman Febrina Ambara Puspita', '6287865924472', 75, 'Kabupaten Malang', -8.0057005, 112.76436785, 9.640174, '2023-01-29 14:08:30'),
('212011612', 'Hanifah Ukti Anjarweni', '6282138266757', 82, 'Kabupaten Malang', -7.84459038, 112.4714864, 7.504, '2023-01-28 15:34:02'),
('212011613', 'Natanael Agave Sitorus', '62895403437015', 18, 'Kota Malang', -7.9736700374633, 112.61127579957, 16.5, '2023-01-30 20:41:43'),
('212011614', 'Marwah Erni Ariyani', '62895422865140', 88, 'Kabupaten Malang', -7.84080327, 112.46138792, 15.17, '2023-01-29 13:25:52'),
('212011615', 'Satya Indra Kusworo', '6285748319788', 39, 'Kota Malang', -7.96592605, 112.6443641, 11.667527, '2023-01-30 19:12:56'),
('212011619', 'Rijal Simamora', '6282179019323', 116, 'Kota Batu', -7.87525817, 112.53000709, 15.094402, '2023-01-30 15:17:47'),
('212011624', 'Nisrina Nazli', '6282171171556', 6, 'Kota Malang', -7.98317432, 112.66042013, 42, '2023-01-30 20:39:00'),
('212011625', 'Muhammad Geraldi Yosandri', '6282280649504', 4, 'Kota Malang', -8.03839978, 112.63775719, 43.993, '2023-01-30 17:39:18'),
('212011627', 'Rizky Puspitasari', '6281917950585', 124, 'Kota Batu', -7.89412096, 112.53244487, 18.203999, '2023-01-30 16:49:02'),
('212011629', 'Marcsha Hanifa Anugrah Pradhana', '6285837856830', 115, 'Kota Batu', -7.8703433333333, 112.52705666667, 9.7, '2023-01-30 15:08:30'),
('212011631', 'Putri Riska Damayanti', '6281251170663', 99, 'Kota Batu', -7.86187947, 112.52180581, 9.506822, '2023-01-30 09:17:03'),
('212011632', 'Suifatiha Rangkuti', '6282362331182', 103, 'Kota Batu', -7.89626794, 112.55085464, 43.993, '2023-01-30 18:41:17'),
('212011633', 'Achmad Atho\'illah Zaidan', '6289526347222', 108, 'Kota Batu', -7.87553465, 112.5435177, 12, '2023-01-29 12:53:37'),
('212011634', 'Arnanda Syahputra', '6281337640064', 42, 'Kota Malang', -7.95640461, 112.65228089, 3.7900925, '2023-01-30 19:45:19'),
('212011637', 'Sausan Salsabila', '6282289145027', 7, 'Kota Malang', -7.98377546, 112.66070871, 35, '2023-01-30 20:46:19'),
('212011639', 'Shalihati Melani Putri', '6282384551796', 15, 'Kota Malang', -7.9457915760577, 112.62157556601, 169, '2023-01-30 20:32:07'),
('212011640', 'Novi Rizqi Amalia', '6285803144196', 86, 'Kabupaten Malang', -7.85465, 112.49243666667, 12.9, '2023-01-30 18:50:08'),
('212011641', 'Sabrina Do Miswa', '6282171851590', 109, 'Kota Batu', -7.86203441, 112.52176799, 13.653, '2023-01-29 22:35:09'),
('212011643', 'Mumtahanah Ceisa Herlan', '6282176583411', 59, 'Kota Malang', -7.9462533333333, 112.58324333333, 60.6, '2023-01-30 20:19:23'),
('212011644', 'Gusvia Choiri Nisa', '6281211791140', 9, 'Kota Malang', -7.9949462832883, 112.63971878216, 2, '2023-01-30 16:59:18'),
('212011645', 'Muhammad Akhyarul Umamin', '6285727640677', 32, 'Kota Malang', -7.97388512, 112.6167875, 11.156767, '2023-01-30 18:49:34'),
('212011648', 'Nurul Awalia Hasanah', '6282256069526', 97, 'Kota Batu', -7.840615, 112.51136333333, 15.9, '2023-01-30 19:07:45'),
('212011649', 'Faiz Fanani', '6282245830401', 114, 'Kota Batu', -7.8657227754593, 112.52091050148, 38, '2023-01-30 16:47:13'),
('212011651', 'Lintang Wigati', '6285894145357', 48, 'Kota Malang', -8.021305, 112.63255, 11.1, '2023-01-30 10:35:04'),
('212011653', 'Winda Rawiyanti', '6282324711251', 83, 'Kabupaten Malang', -8.0321116666667, 112.80828666667, 7, '2023-01-29 11:15:39'),
('212011657', 'I Kadek Mira Merta Ningsih', '6282147131380', 35, 'Kota Malang', -7.9787002, 112.62224496, 8.845428, '2023-01-30 19:21:28'),
('212011658', 'Devisca Mutiara Citra', '6289674596571', 89, 'Kabupaten Malang', -8.22409222, 112.5991123, 9.922731, '2023-01-30 11:00:21'),
('212011660', 'Abdul Azis Daffa Yanuar', '6285888054174', 41, 'Kota Malang', -7.96289007, 112.6431091, 10.731169, '2023-01-30 20:34:42'),
('212011661', 'Syifannisa Rahma Aulia', '6287778996162', 1, 'Kota Surabaya', -7.32867147, 112.74578838, 10.890166, '2023-01-30 10:18:30'),
('212011663', 'Riski Aulia Dwi Utami', '6282386533282', 60, 'Kota Malang', -7.97381363, 112.61686256, 45.51, '2023-01-30 20:45:15'),
('212011665', 'Asyifa Hani', '628978638867', 98, 'Kota Batu', -7.8619833333333, 112.52181, 7.4, '2023-01-30 14:15:52'),
('212011668', 'Erfangga Bayu Kurniawan', '6282324018248', 9, 'Kota Malang', -7.9931733333333, 112.637565, 10.7, '2023-01-30 18:13:10'),
('212011669', 'Revaldhy Zaqi Ashshidiqi', '6289663687063', 92, 'Kabupaten Malang', -8.0165116666667, 112.843715, 12.1, '2023-01-30 19:10:43'),
('212011671', 'Srikandih Velayati', '6285232383402', 76, 'Kabupaten Malang', -8.3028416666667, 112.51803, 8, '2023-01-30 09:02:57'),
('212011673', 'Lalu Riza Singrapati', '6282236450789', 91, 'Kabupaten Malang', -7.8545381, 112.4922053, 32.099, '2023-01-30 20:04:03'),
('212011675', 'Azarine Zada Kalonica Widyadhana', '6289637386337', 17, 'Kota Malang', -7.97365899, 112.611128, 8, '2023-01-30 19:58:15'),
('212011679', 'Marella Dea Manganti', '628156944902', 81, 'Kabupaten Malang', -8.0155416666667, 112.84531833333, 12.3, '2023-01-30 11:41:47'),
('212011680', 'Kinanthi Ilham Pradastika', '6283894304730', 75, 'Kabupaten Malang', -8.0355466666667, 112.76871333333, 6.8, '2023-01-28 17:08:35'),
('212011688', 'Fabian La Wima Vallessy', '6281336122941', 84, 'Kabupaten Malang', -8.2292883333333, 112.600245, 165.8, '2023-01-29 10:51:51'),
('212011690', 'Desy Shintawati', '6287812638771', 22, 'Kota Malang', -7.98026423, 112.60995357, 3.7900925, '2023-01-30 16:14:03'),
('212011692', 'Anugerah Surya Pramana', '628978956301', 57, 'Kota Malang', -7.945035, 112.62109, 5, '2023-01-24 22:02:06'),
('212011695', 'Rizka Amaliah', '6282292240610', 101, 'Kota Batu', -7.89621089, 112.55087456, 23, '2023-01-30 00:48:03'),
('212011696', 'Elga Winner Mombun', '6285893206028', 121, 'Kota Batu', -7.87154, 112.526355, 9.1, '2023-01-30 09:21:35'),
('212011697', 'Nur Atika', '6281995327155', 83, 'Kabupaten Malang', -8.03251085, 112.80842934, 37.27929, '2023-01-29 17:58:53'),
('212011699', 'PRIATMADANI', '6289692311560', 94, 'Kabupaten Malang', -8.0338466666667, 112.71802333333, 9.7, '2023-01-30 19:36:40'),
('212011701', 'Retno Palupi', '6282313273928', 25, 'Kota Malang', -7.9702656, 112.63722376, 45.240726, '2023-01-30 19:54:47'),
('212011705', 'Ruri Tri Wahyuni', '6289518267073', 51, 'Kota Malang', -7.9622924420983, 112.63702877797, 16, '2023-01-30 15:01:20'),
('212011707', 'Athaya Shabihah', '6285172448791', 103, 'Kota Batu', -7.89624366, 112.55096571, 19.678434, '2023-01-30 20:43:52'),
('212011713', 'Farah Bunga Amalia Adjie', '6285363344590', 88, 'Kabupaten Malang', -7.8385528782383, 112.46087629348, 15.5, '2023-01-30 08:16:06'),
('212011715', 'Della Fahria Amalina', '6283850509167', 91, 'Kabupaten Malang', -7.83902221, 112.46191894, 240.15553, '2023-01-30 09:26:38'),
('212011716', 'Muhammad Ahnaf Raes', '6281703815122', 57, 'Kota Malang', -7.94081, 112.603955, 3, '2023-01-30 20:03:39'),
('212011717', 'Rafly Andriyan', '6285283385365', 66, 'Kabupaten Malang', -7.85324707, 112.47340504, 8.243699, '2023-01-29 10:00:01'),
('212011719', 'Novenda Satria Wisnu Setiadi', '6287738605513', 14, 'Kota Malang', -7.91767638, 112.62370069, 54.97541, '2023-01-30 15:29:08'),
('212011720', 'Laeli Amelia', '6281977220162', 23, 'Kota Malang', -7.9847036395222, 112.6140466053, 39, '2023-01-30 17:04:23'),
('212011721', 'Isnaini Rahma Dewi', '6281947601362', 56, 'Kota Malang', -7.9924486856908, 112.67921028659, 20, '2023-01-30 18:02:48'),
('212011722', 'Kadek Didik Permana Putra', '6287863088513', 11, 'Kota Malang', -7.9721616666667, 112.658155, 7.9, '2023-01-30 20:33:33');
INSERT INTO `posisi_pcl` (`nim`, `nama`, `no_hp`, `id_tim`, `lokus`, `latitude`, `longitude`, `akurasi`, `time_created`) VALUES
('212011723', 'Ahmad Sovi Hidayat', '6282250604292', 5, 'Kota Malang', -8.0227566666667, 112.63442333333, 2.7, '2023-01-30 11:22:03'),
('212011725', 'Ninda Nailis Surayya', '6287710161350', 4, 'Kota Malang', -8.033390971832, 112.63890045695, 10, '2023-01-30 13:20:36'),
('212011727', 'Brillian Jeremia Sianturi', '6281463820971', 52, 'Kota Malang', -7.919555, 112.59398166667, 10.6, '2023-01-30 19:22:18'),
('212011728', 'Achmad Choirul Huda', '628563947775', 35, 'Kota Malang', -7.9799623740837, 112.62169006281, 22.5, '2023-01-30 16:47:55'),
('212011729', 'Karima Saharani', '6285786899714', 125, 'Kota Batu', -7.8740756772459, 112.5168486312, 14, '2023-01-30 18:42:20'),
('212011734', 'Evita Khairunnisa', '6282334373581', 76, 'Kabupaten Malang', -8.2294233333333, 112.60020666667, 12.6, '2023-01-29 20:06:34'),
('212011735', 'Dwima Agus Nurcahya Putra', '6285337245006', 20, 'Kota Malang', -8.0083135, 112.61377787, 70.752, '2023-01-29 17:56:13'),
('212011736', 'SITI NUR AISAH BUDIARTI', '6281477150035', 108, 'Kota Batu', -7.8619113983586, 112.52179780975, 13.5, '2023-01-29 21:58:35'),
('212011737', 'Ii Desika', '6281220263053', 17, 'Kota Malang', -8.0010283333333, 112.62374333333, 10.7, '2023-01-30 17:39:24'),
('212011738', 'Isna Nooraya Damayanti', '6285867973893', 5, 'Kota Malang', -8.0245416666667, 112.63551166667, 6.7, '2023-01-30 12:55:27'),
('212011741', 'Dwi Nova Prihatmoko', '6285155379377', 64, 'Kabupaten Malang', -8.03226234, 112.80848313, 17.365944, '2023-01-30 12:07:33'),
('212011742', 'Winda Putri Kusumawati', '6282132372229', 37, 'Kota Malang', -7.9890147875994, 112.64341235161, 57.5, '2023-01-30 18:50:19'),
('212011743', 'Gloria Stephany Haman Cengga', '6281225088876', 85, 'Kabupaten Malang', -8.03120983, 112.80202481, 7.585, '2023-01-30 12:33:23'),
('212011745', 'Muhammad Almas Yafi\'', '6289668727606', 79, 'Kabupaten Malang', -8.3109920611605, 112.58048739284, 45, '2023-01-30 11:52:42'),
('212011747', 'Noval Harjuna', '6285156475017', 117, 'Kota Batu', -7.86728, 112.52985833333, 8.6, '2023-01-30 17:48:05'),
('212011749', 'Fathna Amirah', '628116601072', 37, 'Kota Malang', -7.98633724, 112.64241858, 20, '2023-01-30 11:09:31'),
('212011751', 'Nabil Arbain', '6281902142690', 122, 'Kota Batu', -7.894488, 112.53935592, 13, '2023-01-30 08:29:41'),
('212011754', 'Adam Alexander Bria', '6282146468445', 120, 'Kota Batu', -7.8620666731149, 112.52183225937, 12.5, '2023-01-30 19:15:59'),
('212011757', 'Rizky Maudina', '6282221709943', 120, 'Kota Batu', -7.8768876381218, 112.53011961468, 12, '2023-01-30 10:23:05'),
('212011759', 'Ni Wayan Dani Savitri', '6285748700907', 62, 'Kota Malang', -7.95612, 112.611405, 10.3, '2023-01-30 18:25:58'),
('212011760', 'Niken Puspitasari', '6285815409271', 79, 'Kabupaten Malang', -8.31118317, 112.58077825, 27.31713, '2023-01-29 15:46:02'),
('212011761', 'Tiara Rahma Aliy', '6289643017507', 72, 'Kabupaten Malang', -7.8521366666667, 112.484835, 10.3, '2023-01-30 20:11:37'),
('212011763', 'Devira Sabrina Aulia', '62895365564949', 54, 'Kota Malang', -7.9260883333333, 112.61360666667, 7, '2023-01-29 18:59:29'),
('212011764', 'I Gusti Ayu Puspita A.', '6281807366735', 80, 'Kabupaten Malang', -8.22943627, 112.60034945, 65.148415, '2023-01-29 20:23:34'),
('212011766', 'Andriansyah Ichwan', '6282273998183', 28, 'Kota Malang', -7.9692983333333, 112.62983833333, 8.2, '2023-01-30 17:19:12'),
('212011767', 'Fayza Zaki Asmi Nuraini', '6283607636481', 49, 'Kota Malang', -7.94148162, 112.58080489, 16.08, '2023-01-30 20:18:10'),
('212011768', 'Kamal Maulana Alfi', '6281250422767', 15, 'Kota Malang', -7.94552135, 112.618814, 15.5274935, '2023-01-28 19:47:32'),
('212011770', 'Anggit Jati Hapsari', '62895413640333', 12, 'Kota Malang', -7.9801, 112.66533166667, 9, '2023-01-30 20:39:54'),
('212011771', 'Dini Arianindy', '6287810102055', 11, 'Kota Malang', -7.9801916666667, 112.665245, 11.8, '2023-01-30 20:45:14'),
('212011773', 'Nada Naurah Nadhifah', '6282375104884', 101, 'Kota Batu', -7.8960698330775, 112.55067832768, 39.5, '2023-01-30 18:48:15'),
('212011774', 'Candra Ramdana Wicaksono', '6285893712050', 105, 'Kota Batu', -7.89867493, 112.55986001, 9.394806, '2023-01-29 20:26:29'),
('212011775', 'Hesti Anggraini', '6285852036190', 24, 'Kota Malang', -7.96620748, 112.60929207, 8.981608, '2023-01-30 11:34:50'),
('212011776', 'Hening Theosa', '6285801196931', 28, 'Kota Malang', -7.97387917, 112.61677412, 36.407997, '2023-01-28 22:33:19'),
('212011777', 'Jauharotul Maslakhah', '6282245127620', 14, 'Kota Malang', -7.9449566666667, 112.62166333333, 11.5, '2023-01-30 19:50:26'),
('212011778', 'Sherina Rafidah Khairunnisa', '6282245173755', 93, 'Kabupaten Malang', -7.85456931, 112.49209575, 60.68, '2023-01-30 19:06:59'),
('212011779', 'Fadly Muhamad Akbar', '6281223677633', 125, 'Kota Batu', -7.87194281, 112.50361126, 11.329762, '2023-01-30 18:51:56'),
('212011781', 'Wisly Ryan Eliezer', '6281229573060', 113, 'Kota Batu', -7.88766322, 112.51951439, 17.747871, '2023-01-30 19:00:01'),
('212011782', 'A. Naufal Muzakky', '6289505275921', 67, 'Kabupaten Malang', -7.8535743796803, 112.47600575455, 39.778122, '2023-01-30 19:46:48'),
('212011783', 'Isna Anggraeni', '628292610193', 90, 'Kabupaten Malang', -8.0319266666667, 112.767965, 14, '2023-01-28 20:11:44'),
('212011784', 'Regita Dewanti Rudianto', '6287858671734', 60, 'Kota Malang', -7.97382137, 112.61681985, 15.63809, '2023-01-30 20:06:14'),
('212011786', 'Nisa Ayu Larasati', '6285806530275', 62, 'Kota Malang', -7.95635234, 112.61246318, 65.230995, '2023-01-30 17:21:00'),
('212011787', 'Muhamad Reza Rahman', '6289668195452', 39, 'Kota Malang', -7.9662683333333, 112.63922166667, 7.6, '2023-01-28 10:03:19'),
('212011789', 'Anita Ambarsari', '6285646802628', 46, 'Kota Malang', -7.92861388, 112.65294414, 15.229061, '2023-01-30 16:09:48'),
('212011795', 'Halimatus Sa\'diyah', '6285791382044', 48, 'Kota Malang', -8.0209133333333, 112.62509, 8.6, '2023-01-30 17:15:19'),
('212011796', 'Norvan Bagus Ramadhan', '6282234272250', 13, 'Kota Malang', -7.5983933333333, 112.77784833333, 13.7, '2023-01-30 17:39:38'),
('212011797', 'Renandika Salsabiila Agistasari', '6289696781466', 102, 'Kota Batu', -7.91276112, 112.55887454, 12.9660015, '2023-01-30 19:12:26'),
('212011798', 'Adisti Ziyadatul Ilmiyah', '6287772532204', 47, 'Kota Malang', -7.93302007, 112.64725502, 27.740541, '2023-01-30 15:44:59'),
('212011799', 'Luthfio Febri Trihandika', '6281357470624', 89, 'Kabupaten Malang', -8.22913885, 112.59980508, 16.325085, '2023-01-30 20:47:14'),
('212011800', 'Joanna Christyani', '6282110666583', 21, 'Kota Malang', -7.98385121, 112.58483759, 25, '2023-01-30 18:14:46'),
('212011802', 'Putri Agustiningrum', '6285708459775', 65, 'Kabupaten Malang', -8.03256087, 112.80847805, 18.186022, '2023-01-29 18:08:54'),
('212011803', 'Akhadiyah Indana Zulfa', '6281804115214', 61, 'Kota Malang', -7.94499956, 112.62157744, 16.687, '2023-01-30 17:45:52'),
('212011804', 'Alma Rohmah Fusur', '6283115842402', 91, 'Kabupaten Malang', -7.8545394, 112.4922043, 45.6, '2023-01-30 07:31:19'),
('212011805', 'Alya Rudita Priyandini', '6283110016005', 6, 'Kota Malang', -7.98372109, 112.6607656, 25.789, '2023-01-30 20:44:02'),
('212011807', 'Dwi Ajeng Puspitasari', '6289666837027', 119, 'Kota Batu', -7.86041935, 112.51121987, 12.760692, '2023-01-29 16:32:17'),
('212011808', 'Amida Alviani Muntaha', '6282138921734', 84, 'Kabupaten Malang', -8.22943608, 112.59991739, 38.025078, '2023-01-29 20:22:37'),
('212011809', 'Asy-Syaja\'ul Haqqul Amin', '6285103431155', 90, 'Kabupaten Malang', -8.0326033333333, 112.80827, 8, '2023-01-30 18:30:42'),
('212011811', 'Nurfi Kurnia Afrida', '6281246332137', 53, 'Kota Malang', -7.938245, 112.60000166667, 4.4, '2023-01-30 20:16:19'),
('212011812', 'Niken Alfina Anjarwati', '6282337322064', 78, 'Kabupaten Malang', -8.0482933333333, 112.77173833333, 14.8, '2023-01-30 20:43:43'),
('212011816', 'Eka Putri Laillatul Cahyani', '6282338350246', 44, 'Kota Malang', -7.96629328, 112.63902747, 50.060997, '2023-01-30 18:12:48'),
('212011817', 'Dhitasya Salsabilla ML', '6282230040377', 87, 'Kabupaten Malang', -8.2259383333333, 112.59764666667, 7.2, '2023-01-29 20:33:35'),
('212011819', 'M. Vikry Yachfi Syafril', '6282177246624', 65, 'Kabupaten Malang', -8.0165666666667, 112.84389666667, 12.4, '2023-01-29 14:20:41'),
('212011821', 'Nadiya Raihanah', '6289501509814', 43, 'Kota Malang', -7.978165, 112.63672166667, 7.1, '2023-01-30 20:42:10'),
('212011823', 'Amalia Ndaru Nuriyo', '6285878818486', 25, 'Kota Malang', -7.9663093015552, 112.63661781326, 16.5, '2023-01-30 13:57:05'),
('212011824', 'Martha Budi Wardani', '6285784142968', 108, 'Kota Batu', -7.86240992, 112.52140585, 97.088, '2023-01-30 10:03:01'),
('212011825', 'Rizal Fauziarochman Yudasena', '6289504144775', 120, 'Kota Batu', -7.8768166666667, 112.529975, 11.4, '2023-01-30 13:25:32'),
('212011826', 'Nabila Aurelliza Candrika Putri', '6283146028633', 86, 'Kabupaten Malang', -7.84031, 112.46957166667, 9.4, '2023-01-30 19:46:41'),
('212011828', 'Muhammad Rafi Ikhsanudin', '6285291342221', 71, 'Kabupaten Malang', -8.3112778, 112.5806135, 23.6, '2023-01-29 19:10:04'),
('212011831', 'Joni Kidang', '6281248256067', 30, 'Kota Malang', -7.96296, 112.62114, 10.9, '2023-01-30 20:46:54'),
('212011832', 'Siti Larasati', '6281372914083', 28, 'Kota Malang', -7.98146259, 112.62943162, 24.272, '2023-01-30 19:47:00'),
('212011833', 'Suparto', '6281280045747', 104, 'Kota Batu', -7.90202305, 112.57768226, 8.923205, '2023-01-30 11:48:41'),
('221910702', 'Steven Fitraeka Setiawan Sanjaya', '6281548873773', 96, 'Kota Batu', -7.837073598057, 112.52704060636, 23, '2023-01-29 12:47:08'),
('221911191', 'Jiddan Najdi Putra Adinata', '6285937049000', 49, 'Kota Malang', -7.9376023309305, 112.57666340098, 17.5, '2023-01-30 19:52:34'),
('221911244', 'Martin Hasiholan Simamora', '6282260989376', 77, 'Kabupaten Malang', -7.85450309, 112.49217821, 44, '2023-01-30 11:04:26'),
('222011253', 'Rifqi Ramadhan', '6289629082783', 35, 'Kota Malang', -7.98204097, 112.62217259, 29.73441, '2023-01-30 20:32:04'),
('222011255', 'Adrian Muhammad Rafi', '6282133677568', 117, 'Kota Batu', -7.87049122, 112.52581851, 97.25552, '2023-01-30 20:24:59'),
('222011257', 'Rahma Fajri Ramdhani', '6282135453380', 59, 'Kota Malang', -7.9460216666667, 112.58265166667, 9.1, '2023-01-30 19:11:54'),
('222011259', 'Vannisya Tri Hapsari', '6289603534661', 111, 'Kota Batu', -7.8723266666667, 112.50391166667, 8.9, '2023-01-29 18:04:03'),
('222011260', 'Hanifah Harahap', '62895326313078', 107, 'Kota Batu', -7.84941987, 112.51526572, 14.500369, '2023-01-27 13:24:45'),
('222011267', 'Afina Latifa', '6285274306754', 81, 'Kabupaten Malang', -8.0324416666667, 112.80852, 9.9, '2023-01-28 20:19:56'),
('222011270', 'Yusril Dicky Khoridwan', '62895327331497', 113, 'Kota Batu', -7.87208497, 112.50366974, 19.720999, '2023-01-30 08:08:18'),
('222011275', 'Karina Cindy Rahmanto', '6281575611774', 56, 'Kota Malang', -7.9801945528015, 112.66514645889, 11, '2023-01-30 18:58:41'),
('222011282', 'Rafif Hasabi', '6282236658513', 1, 'Kota Surabaya', -7.333865, 112.7194846, 11.518996, '2023-01-30 15:35:11'),
('222011287', 'Aris Alfiandi', '6282138536830', 72, 'Kabupaten Malang', -7.8530621202663, 112.48529830948, 13, '2023-01-30 17:35:07'),
('222011293', 'Zul Ahmad Esharja', '6282380212493', 111, 'Kota Batu', -7.87004, 112.52300333333, 10, '2023-01-30 19:30:34'),
('222011294', 'Ihsan Surahman', '6281277715291', 119, 'Kota Batu', -7.86203816, 112.52228629, 45.50077, '2023-01-29 20:17:17'),
('222011295', 'Fatya Ratnadilla', '6285640506183', 34, 'Kota Malang', -7.9851683333333, 112.62410333333, 9.6, '2023-01-30 15:13:24'),
('222011296', 'Masna Novita Rahmaniar', '6281347946364', 17, 'Kota Malang', -8.00270846, 112.62343669, 3.7900925, '2023-01-30 14:37:31'),
('222011297', 'Taufiq Agung Kurniawan', '6285642012500', 29, 'Kota Malang', -7.9628725117072, 112.62123928405, 10, '2023-01-30 09:27:07'),
('222011314', 'Rayhan Abyasa', '6285745707033', 124, 'Kota Batu', -7.87197652, 112.50455461, 258.45355, '2023-01-29 22:55:49'),
('222011317', 'M. Ziko Azizi', '6285156489052', 3, 'Kota Surabaya', -7.33376889, 112.71929143, 85.76, '2023-01-30 19:38:06'),
('222011319', 'Nicholas Hanerson Manurung', '6281263758140', 40, 'Kota Malang', -7.9705, 112.65363666667, 10.4, '2023-01-30 16:10:05'),
('222011320', 'Rayhan Zaki Abrar', '6281391631711', 36, 'Kota Malang', -7.945045, 112.62109666667, 4.4, '2023-01-30 20:18:44'),
('222011321', 'Luthfil Kasyful Azhim', '62895398451313', 69, 'Kabupaten Malang', -8.03214709, 112.80774289, 78.256004, '2023-01-30 18:38:02'),
('222011324', 'Imam Hadi Susanto', '6285359419342', 2, 'Kota Surabaya', -7.3286558501422, 112.74607196382, 5, '2023-01-24 03:44:18'),
('222011325', 'Prasetyo Fajar Malik', '6285747150858', 74, 'Kabupaten Malang', -7.84156573, 112.49044085, 9.648001, '2023-01-30 17:29:19'),
('222011330', 'Arnoldy Fatwa Rahmadin', '62895605492815', 2, 'Kota Surabaya', -7.3286833333333, 112.74591666667, 10.1, '2023-01-27 10:42:14'),
('222011334', 'Ryan Ardiansyah', '6282246657077', 77, 'Kabupaten Malang', -7.84422923, 112.46973427, 4.704623, '2023-01-30 19:22:17'),
('222011343', 'Anak Agung Gede Rai Bhaskara Darmawan Pemayun', '6287857061378', 7, 'Kota Malang', -7.9953866666667, 112.634295, 8.3, '2023-01-30 18:55:02'),
('222011345', 'Ahmad Faqih Pratama', '6285273621577', 3, 'Kota Surabaya', -7.3205816666667, 112.74577166667, 9.5, '2023-01-30 20:34:10'),
('222011347', 'Muhamad Feriyanto', '6285155123654', 92, 'Kabupaten Malang', -8.03177267, 112.82160511, 28.944, '2023-01-28 18:15:34'),
('222011349', 'Ladisa Busaina', '628116612230', 24, 'Kota Malang', -7.97309978, 112.60429502, 5, '2023-01-30 19:22:39'),
('222011350', 'Bayu Rayhan Anassai', '6281252751917', 5, 'Kota Malang', -8.02275, 112.63449666667, 7.2, '2023-01-30 11:29:43'),
('222011351', 'Muhammad Zaki Ramadhani', '6282256435056', 50, 'Kota Malang', -7.9496883333333, 112.62861166667, 9.3, '2023-01-30 14:03:48'),
('222011352', 'Abdullah Ridwan', '6282177252395', 107, 'Kota Batu', -7.8618993703276, 112.52159303986, 22.5, '2023-01-29 09:30:26'),
('222011355', 'Darin Huwaida', '6281385055532', 86, 'Kabupaten Malang', -7.8429545508698, 112.47088822536, 11, '2023-01-30 19:36:01'),
('222011356', 'Komang Niko Romano Prodi', '6283134839334', 57, 'Kota Malang', -7.94936313, 112.60372913, 16.08, '2023-01-30 16:38:10'),
('222011358', 'Navika Artiari', '628882407936', 25, 'Kota Malang', -7.97368553, 112.61756052, 40.736, '2023-01-30 17:45:54'),
('222011361', 'M. Taufiqqurrahman', '6285783959872', 60, 'Kota Malang', -7.96111732, 112.62961416, 72.815994, '2023-01-30 19:57:38'),
('222011362', 'Muhammad Wahid Al-Ghifachri', '62895701026680', 116, 'Kota Batu', -7.87217922, 112.50361099, 47.027, '2023-01-30 20:19:53'),
('222011364', 'Lailatul Hasanah', '6282331740251', 71, 'Kabupaten Malang', -8.31703265, 112.57841102, 66.748, '2023-01-30 20:35:21'),
('222011365', 'Thomson', '62895341502060', 2, 'Kota Surabaya', -7.32922642, 112.74596294, 144.72, '2023-01-30 12:21:36'),
('222011369', 'M. Jansen Aulia Justicia', '6289523091992', 93, 'Kabupaten Malang', -7.82306446, 112.4687172, 6.4187245, '2023-01-30 19:52:55'),
('222011372', 'Restu Satrio Pinanggih', '6282133985486', 3, 'Kota Surabaya', -7.3286558501422, 112.74607196382, 5, '2023-01-24 03:45:41'),
('222011373', 'Fitryanto Nur Hidayah', '6285702172832', 6, 'Kota Malang', -8.003145, 112.65007333333, 12.5, '2023-01-30 20:27:43'),
('222011374', 'Alwan Rahmana S', '6285892150804', 31, 'Kota Malang', -7.9729433333333, 112.63015666667, 9.4, '2023-01-30 17:52:52'),
('222011378', 'Hana Raihanatul Jannah', '6282215641655', 33, 'Kota Malang', -7.989575, 112.63027666667, 5.5, '2023-01-30 18:53:18'),
('222011379', 'Maulana Pandudinata', '6281231911403', 97, 'Kota Batu', -7.86193066, 112.52181962, 21.368093, '2023-01-29 22:29:53'),
('222011389', 'Muhammad Amirul Budiman', '6282268226160', 30, 'Kota Malang', -7.9710516666667, 112.61522666667, 6.2, '2023-01-30 14:30:44'),
('222011392', 'Roby Awaludin Fajar', '62895412056706', 29, 'Kota Malang', -7.98036483, 112.6372017, 130.87157, '2023-01-30 19:47:49'),
('222011395', 'Hendra Kusuma', '6285156263610', 81, 'Kabupaten Malang', -8.02417631, 112.83197205, 6.041801, '2023-01-29 18:00:58'),
('222011401', 'M Alif Farhan', '62895602588736', 117, 'Kota Batu', -7.87132, 112.52625333333, 6.8, '2023-01-30 13:24:36'),
('222011402', 'Rizky Hutama Putra', '6283160566025', 109, 'Kota Batu', -7.86245146, 112.52167906, 59.788483, '2023-01-30 18:56:59'),
('222011403', 'Maria Shawna Cinnamon Claire', '628871770681', 119, 'Kota Batu', -7.8785437345505, 112.52220869064, 41.808002, '2023-01-30 20:01:31'),
('222011404', 'Wa Ode Raksni Dumpatua', '6282291267196', 38, 'Kota Malang', -7.98154, 112.638115, 9.2, '2023-01-30 17:13:04'),
('222011405', 'Najwa Azrai', '6289529850208', 100, 'Kota Batu', -7.90119121, 112.58631356, 66.748, '2023-01-30 17:35:41'),
('222011407', 'Rafel Ilham Febrian', '6285329239596', 99, 'Kota Batu', -7.87160664, 112.52616915, 7.504, '2023-01-30 20:15:13'),
('222011432', 'Renata De La Rosa Manik', '6282172201213', 27, 'Kota Malang', -7.9647411112986, 112.62990402192, 16, '2023-01-30 14:25:15'),
('222011436', 'Novanni Indi Pradana', '6283836260392', 2, 'Kota Surabaya', -7.32861954, 112.74575159, 5, '2023-01-24 03:44:22'),
('222011451', 'Indah Simbolon', '7282277343893', 123, 'Kota Batu', -7.8775616666667, 112.53750666667, 62.4, '2023-01-30 14:30:45'),
('222011452', 'Putri Muthi\'ah Dini', '62895366006564', 54, 'Kota Malang', -7.9309729579836, 112.61386153288, 10, '2023-01-30 18:38:14'),
('222011453', 'Atikah Salsabila', '6285805927388', 3, 'Kota Surabaya', -7.3338666666667, 112.71955833333, 8.5, '2023-01-30 18:00:07'),
('222011455', 'Raditya Amanta Putra', '6285810000230', 31, 'Kota Malang', -7.97537825, 112.63847322, 8.576, '2023-01-30 17:39:24'),
('222011460', 'I Putu Agus Wahyu Dupayana', '6281917803898', 95, 'Kota Batu', -7.88534, 112.53655166667, 10, '2023-01-28 16:29:38'),
('222011462', 'Adelina Rahmawati', '6282335733674', 4, 'Kota Malang', -8.0400859750807, 112.63706113212, 49.5, '2023-01-30 18:36:05'),
('222011463', 'Afysha Diadara', '62895329889400', 58, 'Kota Malang', -7.9416292905807, 112.60801255703, 93.00001, '2023-01-30 17:49:14'),
('222011464', 'Nur Ainun Daulay', '6282314037724', 34, 'Kota Malang', -7.9845466666667, 112.62410833333, 11.3, '2023-01-30 16:05:09'),
('222011466', 'Rahmad Siddik', '6285364011391', 118, 'Kota Batu', -7.8722583333333, 112.50384166667, 7.5, '2023-01-30 12:30:35'),
('222011469', 'Paulus Ronal Clinton Satria Halawa', '6282377444926', 60, 'Kota Malang', -7.9560933333333, 112.623205, 8.5, '2023-01-30 15:51:10'),
('222011470', 'Lutfiah Kumala Dewi', '6282233749584', 40, 'Kota Malang', -7.9495098721236, 112.62894979678, 22, '2023-01-30 19:22:17'),
('222011479', 'Zhelvina Halim', '6281615049528', 96, 'Kota Batu', -7.8372716666667, 112.52721, 9, '2023-01-30 06:19:24'),
('222011485', 'Nandya Rezky Utami', '6285342549812', 50, 'Kota Malang', -7.9450295, 112.6215999, 77.6, '2023-01-30 19:09:53'),
('222011486', 'Rizquna Nurul Fatihah', '6287718064653', 26, 'Kota Malang', -7.9424516666667, 112.61374833333, 9.7, '2023-01-30 19:09:37'),
('222011494', 'Muhammad Afnan Falieh', '6281225759764', 4, 'Kota Malang', -8.00473579, 112.64393889, 43.07627, '2023-01-30 19:44:04'),
('222011496', 'Diva Alfiah Hakim', '6282132357883', 38, 'Kota Malang', -7.98732, 112.640775, 136.3, '2023-01-30 14:47:06'),
('222011503', 'Fathir Maula. S', '6281904611100', 122, 'Kota Batu', -7.8698416666667, 112.51446833333, 6.5, '2023-01-30 19:14:38'),
('222011513', 'Firhand Yusuf Kamal', '6285893705258', 9, 'Kota Malang', -7.9970218, 112.64515736, 5.4874864, '2023-01-30 18:39:57'),
('222011514', 'Charisma Noorraya Kusuma', '6288238840008', 15, 'Kota Malang', -7.94687256, 112.60425598, 15.029955, '2023-01-30 19:02:20'),
('222011515', 'Muhammad Rizqi Syahputra', '62895602529017', 63, 'Kabupaten Malang', -8.3339452, 112.5318224, 17.152, '2023-01-29 18:25:24'),
('222011520', 'Anasrul', '6282364640892', 76, 'Kabupaten Malang', -8.31183889, 112.58102812, 14, '2023-01-30 13:11:41'),
('222011521', 'Raihan Hafizh Musthafa', '6287741245709', 110, 'Kota Batu', -7.87202332, 112.50379083, 31.088001, '2023-01-30 20:46:13'),
('222011527', 'Umu Arifatul Syifa', '62895601952751', 57, 'Kota Malang', -7.9498466666667, 112.60486, 11.6, '2023-01-30 18:52:51'),
('222011528', 'Sinatrya Dwi Purnatadya', '6287880937376', 33, 'Kota Malang', -7.98212002, 112.6292543, 9.383013, '2023-01-30 18:52:51'),
('222011532', 'Hamam Hadinata W', '6285372370390', 10, 'Kota Malang', -7.98030912, 112.66518622, 8.576, '2023-01-30 18:11:23'),
('222011534', 'Muhammad Irfa\'issurur', '6282313050506', 85, 'Kabupaten Malang', -8.03226949, 112.80863166, 13.983509, '2023-01-27 16:38:49'),
('222011536', 'Mutiara Indryan Sari', '6281249835782', 10, 'Kota Malang', -7.9802005039528, 112.66500321217, 18, '2023-01-30 18:52:35'),
('222011537', 'Intan Trihandini Alawiyah', '6287891586904', 13, 'Kota Malang', -7.98003728, 112.66527958, 66.748, '2023-01-30 19:14:35'),
('222011538', 'Ade Rifqy Setyawan', '6285156197669', 1, 'Kota Surabaya', -7.33374734, 112.71929936, 35, '2023-01-26 23:21:20'),
('222011542', 'Nicko Ragasukma Primaditya', '6281937735035', 45, 'Kota Malang', -7.9661227203906, 112.63895980082, 20, '2023-01-30 18:14:42'),
('222011543', 'Alisha Azri Khairani', '6281282287689', 43, 'Kota Malang', -7.94390171, 112.65210492, 18.203999, '2023-01-30 19:16:54'),
('222011546', 'Mohammad Fikri Syams', '6285225433720', 33, 'Kota Malang', -7.9894983333333, 112.63189333333, 7.3, '2023-01-30 16:35:50'),
('222011549', 'Randi Qodri .P', '6281370048233', 119, 'Kota Batu', -7.86233463, 112.52208594, 16.979452, '2023-01-30 14:36:51'),
('222011560', 'Widia Astuti', '6282252740302', 31, 'Kota Malang', -7.97308595, 112.635317, 26, '2023-01-30 16:21:38'),
('222011565', 'Hafiz Fiersanmanu Azura Okfoursyach', '628882552362', 95, 'Kota Batu', -7.86357175, 112.55350209, 220.11584, '2023-01-30 09:28:59'),
('222011566', 'Khasatun Prasasti Saputri', '6285239356553', 16, 'Kota Malang', -8.0155, 112.623335, 19.5, '2023-01-30 19:27:54'),
('222011568', 'Figri Al Rasjid', '6285736755988', 37, 'Kota Malang', -7.97007762, 112.63171524, 6.514189, '2023-01-30 19:28:30'),
('222011569', 'M.Mahbubbillah', '6289616370100', 84, 'Kabupaten Malang', -8.23717287, 112.59499997, 6.8311315, '2023-01-30 20:14:29'),
('222011572', 'Maulidya Fan Ghul Udzan Utami', '6285648222002', 77, 'Kabupaten Malang', -7.84408638, 112.46976275, 17, '2023-01-30 19:16:17'),
('222011576', 'Vivi Adelia Ramadian M', '6282178995656', 26, 'Kota Malang', -7.93611244, 112.61828203, 10, '2023-01-30 19:23:43'),
('222011585', 'Fatih Mahawisesa', '6282235206455', 2, 'Kota Surabaya', -7.32861954, 112.74575159, 5, '2023-01-24 03:44:24'),
('222011587', 'Muhammad Ruza Farhan Situmorang', '6289653573568', 46, 'Kota Malang', -7.9283183333333, 112.65079666667, 7.2, '2023-01-30 20:15:06'),
('222011589', 'Daniel Angga Sagitama', '6282241987801', 69, 'Kabupaten Malang', -8.05494237, 112.72431026, 11.540954, '2023-01-28 16:23:46'),
('222011592', 'Aulia Salsabilla', '6285363849103', 2, 'Kota Surabaya', -7.33371793, 112.71945258, 5.070932, '2023-01-30 17:03:56'),
('222011595', 'Berliana Sugiarti Putri', '6281324507883', 51, 'Kota Malang', -7.94512, 112.62094833333, 5, '2023-01-24 03:41:14'),
('222011596', 'Okta Gilang Al Jaffarsyah', '6281360337560', 7, 'Kota Malang', -7.9908723011613, 112.63766027056, 9, '2023-01-30 19:12:16'),
('222011601', 'Farkhan Ariyasa', '628995035605', 11, 'Kota Malang', -7.9713016666667, 112.65668333333, 6.6, '2023-01-30 19:21:25'),
('222011610', 'Rizky Theofilus', '6281328180242', 125, 'Kota Batu', -7.8782333333333, 112.549315, 12.4, '2023-01-30 17:53:25'),
('222011611', 'Mufqi Ananda Rahmadi', '6282125868776', 53, 'Kota Malang', -7.936365, 112.60473166667, 7.3, '2023-01-30 20:45:43'),
('222011617', 'Rarisza Nabila', '6285709192472', 41, 'Kota Malang', -7.96256571, 112.64246842, 8.376393, '2023-01-30 19:26:36'),
('222011620', 'Pandya Almastiana Alifka', '6285601417522', 23, 'Kota Malang', -7.97363289, 112.61125495, 33, '2023-01-30 09:03:20'),
('222011621', 'Sukma Andini', '6282234120921', 42, 'Kota Malang', -7.9565939, 112.6470042, 68.4, '2023-01-30 19:09:27'),
('222011622', 'Moch. Daffa\' Al Faris', '62895367350752', 42, 'Kota Malang', -7.9622133333333, 112.6532, 4.3, '2023-01-30 19:33:39'),
('222011623', 'Rahmad Setiya Budi', '6282352773505', 105, 'Kota Batu', -7.8883066666667, 112.54333333333, 7.9, '2023-01-30 07:07:31'),
('222011626', 'Khairiyah Nurindah Yudha Maharani', '6285803031894', 61, 'Kota Malang', -7.9401916, 112.63014711, 47.168, '2023-01-30 15:26:18'),
('222011628', 'Giani Jovita Jane', '6285810086485', 39, 'Kota Malang', -7.9685616666667, 112.64235, 8, '2023-01-30 19:11:12'),
('222011635', 'I Made Satria Ambara Putra', '6281239385486', 12, 'Kota Malang', -7.98020562, 112.66516795, 41.808002, '2023-01-28 18:21:47'),
('222011636', 'Faiq Rosadi Arridho', '6285155348643', 2, 'Kota Surabaya', -7.3286516666667, 112.74585, 9.2, '2023-01-30 09:33:09'),
('222011642', 'Zuhdi Ali Hisyam', '6282328839199', 3, 'Kota Surabaya', -7.3286558501422, 112.74607196382, 5, '2023-01-24 03:45:43'),
('222011646', 'Qoida Rozin Berlian Ananta', '6282221926369', 121, 'Kota Batu', -7.84543, 112.52829833333, 7.4, '2023-01-30 12:21:16'),
('222011647', 'Alfian Rizky Al Majid', '6281219326384', 114, 'Kota Batu', -7.8647483333333, 112.520365, 6.9, '2023-01-30 14:24:16'),
('222011650', 'Amanda Christina Saragih', '6282361196883', 58, 'Kota Malang', -7.94533602, 112.6107943, 34.839157, '2023-01-30 18:23:49'),
('222011652', 'Mesya Anggita Robiul Awaliah', '6282223641179', 49, 'Kota Malang', -7.93731657, 112.59918759, 178, '2023-01-30 17:53:40'),
('222011655', 'Avelia Deavy Putri Primadani', '6285802777978', 30, 'Kota Malang', -7.97602235, 112.61670877, 36, '2023-01-30 16:26:18'),
('222011656', 'Septian Tegar Yuristiawan', '6281357181360', 44, 'Kota Malang', -7.9434618, 112.64908633, 10.766299, '2023-01-30 19:26:38'),
('222011666', 'Tiara Ayu Sihurina', '6289527206743', 14, 'Kota Malang', -7.9177283333333, 112.62386166667, 9.9, '2023-01-30 17:13:15'),
('222011667', 'Muhammad Mishbahi Nur Ihsan', '6285810531503', 23, 'Kota Malang', -7.9836066505536, 112.61257070835, 0, '2023-01-30 19:57:29'),
('222011672', 'Rahmi Elfa Adilla', '6285271290464', 95, 'Kota Batu', -7.86669657, 112.53944023, 8.576, '2023-01-29 16:34:35'),
('222011676', 'Nur Aini Adilah', '6289648999930', 55, 'Kota Malang', -7.95110344, 112.62270611, 13.421699, '2023-01-30 19:16:18'),
('222011678', 'Lasta Sabila Krisyolin', '6289680555141', 47, 'Kota Malang', -7.926705, 112.640465, 11.6, '2023-01-30 17:13:32'),
('222011683', 'Gede Putra Nugraha', '6281246634654', 112, 'Kota Batu', -7.8616708796471, 112.52175229602, 27, '2023-01-30 19:10:39'),
('222011685', 'Niken Yuliana', '6289503103779', 107, 'Kota Batu', -7.87142779, 112.52650011, 22.755, '2023-01-30 14:53:38'),
('222011686', 'Muhammad Hanief', '6285376470953', 98, 'Kota Batu', -7.89139203, 112.54847358, 5, '2023-01-24 01:36:10'),
('222011691', 'Widhelia Echa Pramesthy', '6285801268260', 60, 'Kota Malang', -7.97392297, 112.61697946, 86.40373, '2023-01-30 20:26:59'),
('222011694', 'Hatmi Yutika', '6283129240679', 45, 'Kota Malang', -7.9282466666667, 112.65895833333, 10.8, '2023-01-30 17:25:51'),
('222011698', 'Akhir Mubarok', '62895334409391', 61, 'Kota Malang', -7.93796967, 112.63098969, 6.8, '2023-01-24 23:30:30'),
('222011703', 'Triana Nuramalia Shalli', '6289661378364', 95, 'Kota Batu', -7.86456303, 112.55083195, 126.999825, '2023-01-30 14:13:45'),
('222011704', 'Duta Saniskara', '6282139448210', 123, 'Kota Batu', -7.89371511, 112.53305391, 21.237999, '2023-01-30 16:22:20'),
('222011710', 'Anisa\' Faoziah', '6287826540711', 101, 'Kota Batu', -7.8624678, 112.521728273, 199.5, '2023-01-24 22:08:32'),
('222011712', 'Muhammad Azzam', '6285712927494', 22, 'Kota Malang', -7.9853799, 112.61299771, 64.45806, '2023-01-30 18:47:34'),
('222011718', 'Zenitha Shafira Arrasya', '6281905072993', 123, 'Kota Batu', -7.88948795, 112.53133522, 15.17, '2023-01-30 17:05:24'),
('222011724', 'Zhasa Vashellya', '6285263147457', 53, 'Kota Malang', -7.9388316666667, 112.59931333333, 7.5, '2023-01-30 20:35:42'),
('222011726', 'Nur Hidayah Apriliani', '6282138730515', 35, 'Kota Malang', -7.97382537, 112.61685786, 11.2180195, '2023-01-30 05:13:17'),
('222011730', 'Nur Retno Fitriyyah', '6282339152479', 22, 'Kota Malang', -7.97364596, 112.61116942, 33.374, '2023-01-30 01:15:39'),
('222011731', 'Fera Zahra Sekarbakri', '6282135230093', 59, 'Kota Malang', -7.96172844, 112.60185699, 3.7900925, '2023-01-30 17:13:40'),
('222011732', 'Hanny Nur Rahma', '6285772428440', 55, 'Kota Malang', -7.94502632, 112.62154682, 20.127832, '2023-01-30 20:20:45'),
('222011739', 'Muhammad Naufal Faishal', '6281917558751', 115, 'Kota Batu', -7.87170086, 112.50364634, 66.947365, '2023-01-30 19:23:06'),
('222011740', 'Desy Ahyu Fitria', '6282311258440', 46, 'Kota Malang', -7.9229712998495, 112.65110559762, 18.5, '2023-01-30 20:28:51'),
('222011746', 'Drajat Ali Mulkan', '682379883130', 72, 'Kabupaten Malang', -7.85661448, 112.48579354, 30.937723, '2023-01-30 20:21:47'),
('222011748', 'Rofa Raudhatul Janah', '6287828344971', 20, 'Kota Malang', -8.00553227, 112.6096422, 6.987068, '2023-01-30 19:43:32'),
('222011750', 'Gilang Wahyu Prasetyo', '6285727641457', 62, 'Kota Malang', -7.9628919, 112.61350767, 6.7, '2023-01-24 23:34:13'),
('222011752', 'Theresia Romatua', '6289509970664', 8, 'Kota Malang', -8.002375, 112.63826333333, 9.9, '2023-01-30 15:44:44'),
('222011755', 'Luthfi Maulidya', '6281803313465', 100, 'Kota Batu', -7.904615, 112.58025833333, 6.7, '2023-01-30 17:40:32'),
('222011756', 'Arfian Kurniawan Ramadhan', '62895383897821', 6, 'Kota Malang', -7.96997511, 112.63168542, 12, '2023-01-30 19:29:39'),
('222011758', 'Mohamad Hozinul Asror', '62895380538894', 27, 'Kota Malang', -7.9644815018401, 112.62748279609, 101, '2023-01-30 17:03:52'),
('222011762', 'Fadya Siti Nurhaliza', '6281398798220', 124, 'Kota Batu', -7.8942516666667, 112.53253666667, 105.9, '2023-01-30 16:52:28'),
('222011765', 'Haidar Hilmy Ahmady', '6285171009233', 41, 'Kota Malang', -7.96616212, 112.63925934, 59.10502, '2023-01-30 15:35:49'),
('222011772', 'Moch. Raihan Rizqfanto Haidar', '6281515784050', 114, 'Kota Batu', -7.87197, 112.50357833333, 13.2, '2023-01-30 10:05:34'),
('222011780', 'Muhammad Farhan', '6285791135970', 19, 'Kota Malang', -8.0123389833333, 112.62156196667, 4.721747, '2023-01-29 19:26:20'),
('222011785', 'Deanty Fatihatul Magfirah', '6283844954400', 7, 'Kota Malang', -7.99160395, 112.63596412, 4.3451633, '2023-01-30 19:37:00'),
('222011788', 'Muhammad Sirojuddin', '6285785887824', 48, 'Kota Malang', -7.8947519, 112.60847877, 71.298996, '2023-01-30 01:41:23'),
('222011790', 'Arief Satrio Laksono', '62881023891684', 86, 'Kabupaten Malang', -7.8493380406871, 112.47894650325, 9, '2023-01-30 20:25:31'),
('222011791', 'Achmad Arfiandys Abdi Pradana', '6285731767530', 101, 'Kota Batu', -7.89634033, 112.55089054, 26, '2023-01-30 20:37:02'),
('222011792', 'Erni Kurnia Putri', '6285878807483', 118, 'Kota Batu', -7.87204686, 112.50380928, 10.885605, '2023-01-30 18:54:54'),
('222011793', 'Saffanah Afifah', '6285604043447', 123, 'Kota Batu', -7.88214, 112.54028, 7.8, '2023-01-30 15:27:21'),
('222011794', 'Laili Fatqulia Rahma', '62895621061193', 112, 'Kota Batu', -7.8620916, 112.5216498, 52.4, '2023-01-30 19:24:11'),
('222011801', 'Arumia Mustika Rani', '6289613960983', 104, 'Kota Batu', -7.9021216666667, 112.57785333333, 8.9, '2023-01-30 11:12:57'),
('222011806', 'Shivadiba Marsha', '6282228465203', 36, 'Kota Malang', -7.944481, 112.6236872, 15.226, '2023-01-30 10:44:59'),
('222011810', 'Muhammad Rayyan Maulana', '6281211219117', 59, 'Kota Malang', -7.95792, 112.602455, 7.1, '2023-01-29 13:17:10'),
('222011813', 'Ardiana Eka Prasiska', '6281252410050', 125, 'Kota Batu', -7.8798233333333, 112.54849, 14.1, '2023-01-29 12:27:46'),
('222011814', 'Linda Rahmawati', '6285707473757', 107, 'Kota Batu', -7.881905, 112.537295, 8.2, '2023-01-30 09:34:17'),
('222011815', 'Ahmad Zein Abid Muhabbab', '6285801236381', 3, 'Kota Surabaya', -7.3286558501422, 112.74607197382, 5, '2023-01-24 03:45:46'),
('222011818', 'Shashella Zelicha Ramadhanty', '6285737257182', 45, 'Kota Malang', -7.9476583333333, 112.66230166667, 9.8, '2023-01-30 17:04:24'),
('222011822', 'Arswenda Putra Maulana', '6285233517290', 66, 'Kabupaten Malang', -7.8575433333333, 112.46168833333, 14.3, '2023-01-30 20:46:11'),
('222011829', 'Damar Septia Nugraha', '6287878380046', 17, 'Kota Malang', -8.0027433333333, 112.62362, 154.1, '2023-01-30 14:25:28'),
('222011830', 'Imam Sujono', '6285334813264', 117, 'Kota Batu', -7.885645, 112.51593166667, 6.1, '2023-01-30 09:10:47');

-- --------------------------------------------------------

--
-- Table structure for table `riwayat_posisi_pcl`
--

CREATE TABLE `riwayat_posisi_pcl` (
  `nim` varchar(9) COLLATE utf8mb4_unicode_ci NOT NULL,
  `nama` varchar(50) COLLATE utf8mb4_unicode_ci DEFAULT NULL,
  `no_hp` varchar(16) COLLATE utf8mb4_unicode_ci DEFAULT NULL,
  `id_tim` varchar(10) COLLATE utf8mb4_unicode_ci NOT NULL,
  `lokus` varchar(256) COLLATE utf8mb4_unicode_ci DEFAULT NULL,
  `latitude` varchar(256) COLLATE utf8mb4_unicode_ci DEFAULT NULL,
  `longitude` varchar(256) COLLATE utf8mb4_unicode_ci DEFAULT NULL,
  `time_created` varchar(1024) COLLATE utf8mb4_unicode_ci DEFAULT NULL
) ENGINE=InnoDB DEFAULT CHARSET=utf8mb4 COLLATE=utf8mb4_unicode_ci;

-- --------------------------------------------------------

--
-- Table structure for table `timpencacah`
--

CREATE TABLE `timpencacah` (
  `id_tim` int(11) NOT NULL,
  `nama_tim` varchar(50) NOT NULL,
  `nim_koor` varchar(9) DEFAULT NULL
) ENGINE=InnoDB DEFAULT CHARSET=utf8;

--
-- Dumping data for table `timpencacah`
--

INSERT INTO `timpencacah` (`id_tim`, `nama_tim`, `nim_koor`) VALUES
(1, 'Tim PKL Riset 1 - 001', '222011282'),
(2, 'Tim PKL Riset 1 - 002', '222011365'),
(3, 'Tim PKL Riset 1 - 003', '212011474'),
(4, 'Tim PKL Integrasi Riset 1 & 2 - 004', '222011462'),
(5, 'Tim PKL Integrasi Riset 1 & 2 - 005', '212011723'),
(6, 'Tim PKL Integrasi Riset 1 & 2 - 006', '212011805'),
(7, 'Tim PKL Integrasi Riset 1 & 2 - 007', '222011343'),
(8, 'Tim PKL Integrasi Riset 1 & 2 - 008', '211910986'),
(9, 'Tim PKL Integrasi Riset 1 & 2 - 009', '212011668'),
(10, 'Tim PKL Integrasi Riset 1 & 2 - 010', '212011547'),
(11, 'Tim PKL Integrasi Riset 1 & 2 - 011', '212011277'),
(12, 'Tim PKL Integrasi Riset 1 & 2 - 012', '222011635'),
(13, 'Tim PKL Integrasi Riset 1 & 2 - 013', '222011537'),
(14, 'Tim PKL Integrasi Riset 1 & 2 - 014', '212011777'),
(15, 'Tim PKL Integrasi Riset 1 & 2 - 015', '212011768'),
(16, 'Tim PKL Integrasi Riset 1 & 2 - 016', '222011566'),
(17, 'Tim PKL Integrasi Riset 1 & 2 - 017', '222011296'),
(18, 'Tim PKL Integrasi Riset 1 & 2 - 018', '212011272'),
(19, 'Tim PKL Integrasi Riset 1 & 2 - 019', '222011780'),
(20, 'Tim PKL Integrasi Riset 1 & 2 - 020', '212011535'),
(21, 'Tim PKL Integrasi Riset 1 & 2 - 021', '211911006'),
(22, 'Tim PKL Integrasi Riset 1 & 2 - 022', '222011730'),
(23, 'Tim PKL Integrasi Riset 1 & 2 - 023', '222011620'),
(24, 'Tim PKL Integrasi Riset 1 & 2 - 024', '212011467'),
(25, 'Tim PKL Integrasi Riset 1 & 2 - 025', '212011701'),
(26, 'Tim PKL Integrasi Riset 1 & 2 - 026', '222011486'),
(27, 'Tim PKL Integrasi Riset 1 & 2 - 027', '212011313'),
(28, 'Tim PKL Integrasi Riset 1 & 2 - 028', '212011832'),
(29, 'Tim PKL Integrasi Riset 1 & 2 - 029', '222011297'),
(30, 'Tim PKL Integrasi Riset 1 & 2 - 030', '212011488'),
(31, 'Tim PKL Integrasi Riset 1 & 2 - 031', '222011560'),
(32, 'Tim PKL Integrasi Riset 1 & 2 - 032', '212011450'),
(33, 'Tim PKL Integrasi Riset 1 & 2 - 033', '212011346'),
(34, 'Tim PKL Integrasi Riset 1 & 2 - 034', '212011262'),
(35, 'Tim PKL Integrasi Riset 1 & 2 - 035', '212011728'),
(36, 'Tim PKL Integrasi Riset 1 & 2 - 036', '212011491'),
(37, 'Tim PKL Integrasi Riset 1 & 2 - 037', '212011368'),
(38, 'Tim PKL Integrasi Riset 1 & 2 - 038', '212011507'),
(39, 'Tim PKL Integrasi Riset 1 & 2 - 039', '212011417'),
(40, 'Tim PKL Integrasi Riset 1 & 2 - 040', '212011459'),
(41, 'Tim PKL Integrasi Riset 1 & 2 - 041', '212011414'),
(42, 'Tim PKL Integrasi Riset 1 & 2 - 042', '212011408'),
(43, 'Tim PKL Integrasi Riset 1 & 2 - 043', '212011821'),
(44, 'Tim PKL Integrasi Riset 1 & 2 - 044', '212011816'),
(45, 'Tim PKL Integrasi Riset 1 & 2 - 045', '212011504'),
(46, 'Tim PKL Integrasi Riset 1 & 2 - 046', '212011789'),
(47, 'Tim PKL Integrasi Riset 1 & 2 - 047', '212011422'),
(48, 'Tim PKL Integrasi Riset 1 & 2 - 048', '222011788'),
(49, 'Tim PKL Integrasi Riset 1 & 2 - 049', '212011480'),
(50, 'Tim PKL Integrasi Riset 1 & 2 - 050', '212011529'),
(51, 'Tim PKL Integrasi Riset 1 & 2 - 051', '212011541'),
(52, 'Tim PKL Integrasi Riset 1 & 2 - 052', '212011523'),
(53, 'Tim PKL Integrasi Riset 1 & 2 - 053', '212011811'),
(54, 'Tim PKL Integrasi Riset 1 & 2 - 054', '212011516'),
(55, 'Tim PKL Integrasi Riset 1 & 2 - 055', '212011588'),
(56, 'Tim PKL Integrasi Riset 1 & 2 - 056', '212011544'),
(57, 'Tim PKL Integrasi Riset 1 & 2 - 057', '212011387'),
(58, 'Tim PKL Integrasi Riset 1 & 2 - 058', '212011500'),
(59, 'Tim PKL Integrasi Riset 1 & 2 - 059', '212011597'),
(60, 'Tim PKL Integrasi Riset 1 & 2 - 060', '212011663'),
(61, 'Tim PKL Integrasi Riset 1 & 2 - 061', '212011803'),
(62, 'Tim PKL Integrasi Riset 1 & 2 - 062', '212011581'),
(63, 'Tim PKL Riset 3 - 063', '212011564'),
(64, 'Tim PKL Riset 3 - 064', '212011484'),
(65, 'Tim PKL Riset 3 - 065', '212011819'),
(66, 'Tim PKL Riset 3 - 066', '212011526'),
(67, 'Tim PKL Riset 3 - 067', '212011337'),
(68, 'Tim PKL Riset 3 - 068', '212011299'),
(69, 'Tim PKL Riset 3 - 069', '212011573'),
(70, 'Tim PKL Riset 3 - 070', '212011495'),
(71, 'Tim PKL Riset 3 - 071', '212011477'),
(72, 'Tim PKL Riset 3 - 072', '222011746'),
(73, 'Tim PKL Riset 3 - 073', '212011394'),
(74, 'Tim PKL Riset 3 - 074', '212011302'),
(75, 'Tim PKL Riset 3 - 075', '212011348'),
(76, 'Tim PKL Riset 3 - 076', '222011520'),
(77, 'Tim PKL Riset 3 - 077', '222011572'),
(78, 'Tim PKL Riset 3 - 078', '212011497'),
(79, 'Tim PKL Riset 3 - 079', '212011745'),
(80, 'Tim PKL Riset 3 - 080', '212011602'),
(81, 'Tim PKL Riset 3 - 081', '212011279'),
(82, 'Tim PKL Riset 3 - 082', '212011468'),
(83, 'Tim PKL Riset 3 - 083', '212011423'),
(84, 'Tim PKL Riset 3 - 084', '212011808'),
(85, 'Tim PKL Riset 3 - 085', '212011501'),
(86, 'Tim PKL Riset 3 - 086', '212011826'),
(87, 'Tim PKL Riset 3 - 087', '212011447'),
(88, 'Tim PKL Riset 3 - 088', '212011614'),
(89, 'Tim PKL Riset 3 - 089', '212011658'),
(90, 'Tim PKL Riset 3 - 090', '212011809'),
(91, 'Tim PKL Riset 3 - 091', '212011673'),
(92, 'Tim PKL Riset 3 - 092', '222011347'),
(93, 'Tim PKL Riset 3 - 093', '212011778'),
(94, 'Tim PKL Riset 3 - 094', '212011557'),
(95, 'Tim PKL Riset 4 - 095', '212011388'),
(96, 'Tim PKL Riset 4 - 096', '221910702'),
(97, 'Tim PKL Riset 4 - 097', '222011379'),
(98, 'Tim PKL Riset 4 - 098', '212011323'),
(99, 'Tim PKL Riset 4 - 099', '222011407'),
(100, 'Tim PKL Riset 4 - 100', '212011522'),
(101, 'Tim PKL Riset 4 - 101', '212011429'),
(102, 'Tim PKL Riset 4 - 102', '212011424'),
(103, 'Tim PKL Riset 4 - 103', '212011632'),
(104, 'Tim PKL Riset 4 - 104', '212011833'),
(105, 'Tim PKL Riset 4 - 105', '222011623'),
(106, 'Tim PKL Riset 4 - 106', '212011608'),
(107, 'Tim PKL Riset 4 - 107', '222011352'),
(108, 'Tim PKL Riset 4 - 108', '212011268'),
(109, 'Tim PKL Riset 4 - 109', '212011391'),
(110, 'Tim PKL Riset 4 - 110', '212011558'),
(111, 'Tim PKL Riset 4 - 111', '212011600'),
(112, 'Tim PKL Riset 4 - 112', '222011683'),
(113, 'Tim PKL Riset 4 - 113', '222011270'),
(114, 'Tim PKL Riset 4 - 114', '212011649'),
(115, 'Tim PKL Riset 4 - 115', '212011629'),
(116, 'Tim PKL Riset 4 - 116', '222011362'),
(117, 'Tim PKL Riset 4 - 117', '222011401'),
(118, 'Tim PKL Riset 4 - 118', '212011326'),
(119, 'Tim PKL Riset 4 - 119', '222011294'),
(120, 'Tim PKL Riset 4 - 120', '212011425'),
(121, 'Tim PKL Riset 4 - 121', '222011646'),
(122, 'Tim PKL Riset 4 - 122', '212011751'),
(123, 'Tim PKL Riset 4 - 123', '222011793'),
(124, 'Tim PKL Riset 4 - 124', '222011314'),
(125, 'Tim PKL Riset 4 - 126', '212011779'),
(441, 'Tim Dummy Riset 4 - 441', '444444401'),
(442, 'Tim Dummy Riset 4 - 442', '444444402'),
(443, 'Tim Dummy Riset 4 - 443', '444444403'),
(444, 'Tim Dummy Riset 4 - 444', '444444404'),
(991, 'Tim PKL Riset 1 - 991', '211111111'),
(992, 'Tim PKL Riset 2 - 992', '222222222'),
(993, 'Tim Dummy Riset 3 - 993', '333333333'),
(994, 'Tim PKL Riset 4 - 994', '444444444'),
(995, 'Tim Dummy Surabaya - 995', '555555555');

-- --------------------------------------------------------

--
-- Table structure for table `token_ambil_sampel`
--

CREATE TABLE `token_ambil_sampel` (
  `riset` int(11) NOT NULL,
  `token` int(11) NOT NULL,
  `lokus` varchar(16) COLLATE utf8mb4_unicode_ci DEFAULT NULL,
  `count` int(11) NOT NULL
) ENGINE=InnoDB DEFAULT CHARSET=utf8mb4 COLLATE=utf8mb4_unicode_ci;

--
-- Dumping data for table `token_ambil_sampel`
--

INSERT INTO `token_ambil_sampel` (`riset`, `token`, `lokus`, `count`) VALUES
(5, 346115, '3213', 0),
(5, 346115, '3212', 0),
(5, 346115, 'all', 0);

-- --------------------------------------------------------

--
-- Table structure for table `user`
--

CREATE TABLE `user` (
  `id` int(11) NOT NULL,
  `nama` varchar(255) NOT NULL,
  `email` varchar(255) NOT NULL,
  `jenis` varchar(255) NOT NULL,
  `jabatan` varchar(255) NOT NULL,
  `password` varchar(255) NOT NULL
) ENGINE=InnoDB DEFAULT CHARSET=latin1;

--
-- Dumping data for table `user`
--

INSERT INTO `user` (`id`, `nama`, `email`, `jenis`, `jabatan`, `password`) VALUES
(1, 'Dr.Eng. Lya Hulliyyatus Suadaa, SST., M.T', 'lya', 'dosen', 'Dosen Riset 1', '9adee2ae8493b8d50d869bc739046114'),
(2, 'Prof. Setia Pramana, Ph.D.', 'setia.pramana', 'dosen', 'Dosen Riset 1', '6fc956e532b25344e88d7da6caa2e7cb'),
(3, 'Dr. Drs. Waris Marsisno M.Stat', 'waris', 'dosen', 'Dosen Riset 1', '1ec17eaea1e1dbf144d1fdd3e77f4224'),
(4, 'Budi Yuniarto, SST., M.Si', 'byuniarto', 'dosen', 'Dosen Riset 1', '5268ebd17d4c20f645753ae9eb2f708d'),
(5, 'Ibnu Santoso, SST., MT', 'ibnu', 'dosen', 'Dosen Riset 1', 'd5e3f6c5b6f22fc3e0587fcdcae8fd4b'),
(6, 'Lutfi Rahmatuti Maghfiroh, SST., MT', 'lutfirm', 'dosen', 'Dosen Riset 1', '80c74e8bf4168f401685723166cc129d'),
(7, 'Robert Kurniawan, SST., M.Si', 'robertk', 'dosen', 'Dosen Riset 1', 'a833f81b2aef7c72dd73b1b4a3feb95e'),
(8, 'Yuliagnis Transver Wijaya, S.ST, M.Sc', 'yuliagnis', 'dosen', 'Dosen Riset 1', 'c6b818dedbf846bb280c85b8de146581'),
(9, 'Dr. Bony Parulian Josaphat, S.Si.,M.Si', 'bonyp', 'dosen', 'Dosen Riset 1', '55c672544bbd53d0f2124b5aef7ea5ac'),
(10, 'Dr. Eng. Arie Wahyu Wijayanto, SST., M.T', 'ariewahyu', 'dosen', 'Dosen Riset 1', '8aa8e040b5fb89ee296c53f2e4b870db'),
(11, 'Rahadi Jalu Yoga Utama, S.Tr.Stat.', 'rahadi', 'dosen', 'Dosen Riset 1', '54c0cda91aca96ff958be03c15cfc5ab'),
(12, 'Dr. Achmad Syahrul Choir, SST.,M.Si', 'madsyair', 'dosen', 'Dosen Riset 1', '2e567a7aebe4a063da0100c76737b29d'),
(13, 'Rani Nooraeni, SST, M.Stat', 'raninoor', 'dosen', 'Dosen Riset 1', '2768fcd8a877d4387c110b3da9c1d7b0'),
(14, 'Juniarita Ratnasari, S.Tr.Stat.', 'juniarita', 'dosen', 'Dosen Riset 1', 'ffb08bbfa42870d164cd9c64f362a5ac'),
(15, 'Dr. Timbang Sirait, M.Si', 'timbang', 'dosen', 'Dosen Riset 1', '8cd67325aebaba275be63e0b1dd8613f'),
(16, 'Dewi Kusuma Hartati, SST', 'dewikusuma', 'dosen', 'Dosen Riset 1', 'e97efbe9a142974dfd7dbf9d6143aff1'),
(17, 'Dr. Cucu Sumarni, SST, M.Si', 'cucu', 'dosen', 'Dosen Riset 2', 'd991af1a0e10cd4ea159b74724f478cd'),
(18, 'Dr. Azka Ubaidillah', 'azka', 'dosen', 'Dosen Riset 2', 'bb436d6f107d955e75991bef090c611e'),
(19, 'Erna Nurmawati, SST., MT', 'erna.nurmawati', 'dosen', 'Dosen Riset 2', 'a20ca1070d7754846a3f8ed30d081529'),
(20, 'Febri Wicaksono, SST., M.Si', 'febri', 'dosen', 'Dosen Riset 2', 'a833f81b2aef7c72dd73b1b4a3feb95e'),
(21, 'Firdaus, MBA', 'firdaus', 'dosen', 'Dosen Riset 2', '5f21956c252e4bafc38b03bc3dada9f4'),
(22, 'Ir. Jeffry Raja Hamonangan Sitorus, M.Si', 'jeffry', 'dosen', 'Dosen Riset 2', 'c9ea0465eb0d620d7313ef01097eb64e'),
(23, 'Nofita Istiana, SST, M.Si', 'nofita', 'dosen', 'Dosen Riset 2', '841a45920ca794dfb3dd07a28f4a5b08'),
(24, 'Atik Maratis, S.E., M.Si', 'atik', 'dosen', 'Dosen Riset 2', 'ac61d92c6f8a754ba1573ecf29a3379e'),
(25, 'Siskarossa Ika Oktora, SST., M.Stat.', 'siskarossa', 'dosen', 'Dosen Riset 2', 'd69d7dad6a15b037b8aedc5b050d56ab'),
(26, 'Dr. Titik Harsanti, M.Si.', 'titik', 'dosen', 'Dosen Riset 2', '748700cfe7e18ff749c6ff5ca329f66c'),
(27, 'Dr. Erni Tri Astuti, M.Math', 'erni', 'dosen', 'Dosen Riset 2', 'b03657899818002e035f19c506899e40'),
(28, 'Nurseto Wisnumurti, M.Stat', 'nurseto', 'dosen', 'Dosen Riset 2', '9b73dd5ac93af9c415ca4acc64b6bb07'),
(29, 'Sarni Maniar Berliana', 'sarni', 'dosen', 'Dosen Riset 3', '5f21956c252e4bafc38b03bc3dada9f4'),
(30, 'Hardius Usman', 'hardius', 'dosen', 'Dosen Riset 3', '2cd7c662f066f107464a5c495bfc15b8'),
(31, 'Budiasih', 'budiasih', 'dosen', 'Dosen Riset 3', '05097182e54ec8e0c73db4ba3756744d'),
(32, 'Rita Yuliana', 'rita', 'dosen', 'Dosen Riset 3', '99e73afe6b42c215583b05cd25a4c0e4'),
(33, 'Anugerah Karta Monika', 'ak.monika', 'dosen', 'Dosen Riset 3', 'c5957ba1c0cde750872cdbc880f06651'),
(34, 'Wahyuni Andriana Sofa', 'anasofa', 'dosen', 'Dosen Riset 3', '8bd86913713cce4d99479969235ed757'),
(35, 'Nucke Widowati', 'nucke', 'dosen', 'Dosen Riset 3', '2e567a7aebe4a063da0100c76737b29d'),
(36, 'Wahyudin', 'wahyudin', 'dosen', 'Dosen Riset 3', '2226e967b05525798b5a356e143eab7f'),
(37, 'Tiodora Hadumaon Siagian', 'theo', 'dosen', 'Dosen Riset 3', 'c0875b14ce78d02eb2d1acc3971cc502'),
(38, 'Krismanti Tri Wahyuni', 'krismanti', 'dosen', 'Dosen Riset 3', '2c61b8ebf70b79d0fb820ae6e1241f6f'),
(39, 'Suryanto Aloysius', 'suryanto', 'dosen', 'Dosen Riset 3', '1b6490e6c6f96663ca0d3d579e9d52f7'),
(40, 'Budyanra', 'budy', 'dosen', 'Dosen Riset 3', 'd0ee3707bad57bd62d786c27ef247e4b'),
(41, 'I Made Arcana', 'arcana', 'dosen', 'Dosen Riset 3', '2c61b8ebf70b79d0fb820ae6e1241f6f'),
(42, 'Nori Wilantika, S.S.T., M.T.I.', 'wilantika', 'dosen', 'Dosen Riset 4', 'd7f8209f702103c7c6d5d700f107884d'),
(43, 'Yunarso Anang Sulistiadi, M.Eng., Ph.D.', 'yunarso', 'dosen', 'Dosen Riset 4', '00b8d48e5c0d0bbc0ce6d10a4fd7bcde'),
(44, 'Dr. Ernawati Pasaribu', 'ernapasaribu', 'dosen', 'Dosen Riset 4', '2768fcd8a877d4387c110b3da9c1d7b0'),
(45, 'Dr. Fitri Kartiasih, SST.,S.E.,M.Si.', 'fkartiasih', 'dosen', 'Dosen Riset 4', 'e97efbe9a142974dfd7dbf9d6143aff1'),
(46, 'Dr. Rindang Bangun Prasetyo, SST., M.Si.', 'rindang', 'dosen', 'Dosen Riset 4', '807fb978399dc62d6b8747f2935ebe48'),
(47, 'Ir. Ekaria, M.Si.', 'ekaria', 'dosen', 'Dosen Riset 4', '02cb7b143151f6b8d1717a808ee4a543'),
(48, 'Neli Agustina, M.Si.', 'neli', 'dosen', 'Dosen Riset 4', 'ce8bbadadb1eb7fbbbccaf1a724b778b'),
(49, 'Sugiarto, SST., M.M.', 'soegie', 'dosen', 'Dosen Riset 4', '509a8985970de20a3dafc6c358e260a2'),
(50, 'Bambang Nurcahyo, S.E., M.M.', 'nurcahyo', 'dosen', 'Dosen Riset 4', '0cf747215627852c3d711d2d72bf7bcd'),
(51, 'Liza Kurnia Sari, S.Si., M.Stat.', 'liza', 'dosen', 'Dosen Riset 4', '04c96ac8c78025ba6f8922484c6bc266'),
(52, 'Claudya Muna Asmarani, S.Tr.Stat.', 'claudyamuna', 'dosen', 'Dosen Riset 4', 'ac61d92c6f8a754ba1573ecf29a3379e'),
(53, 'Mohammad Dokhi, Ph. D.', 'dokhi', 'dosen', 'Dosen Riset 4', 'd5e3f6c5b6f22fc3e0587fcdcae8fd4b'),
(54, 'Rini Rahani, SST, M.Stat.', 'rinirahani', 'dosen', 'Dosen Riset 4', '509a8985970de20a3dafc6c358e260a2'),
(55, 'Farid Ridho, SST., M.T.', 'faridr', 'dosen', 'Dosen TI dan Pengolahan', 'b099e527338c2f687fc715d6f5ac06d0'),
(56, 'Sri Herwanto Dwi Hatmo S.Si, M.A.', 'herwanto', 'dosen', 'Dosen TI dan Pengolahan', '2c61b8ebf70b79d0fb820ae6e1241f6f'),
(57, 'Isfan Nur Fauzi S.Tr.Stat', 'isfan', 'dosen', 'Dosen TI dan Pengolahan', 'c967c3cf878900a2ea046c205bae5378'),
(58, 'Geri Yesa Ermawan, S.Tr.Stat', 'geri', 'dosen', 'Dosen TI dan Pengolahan', 'ce8bbadadb1eb7fbbbccaf1a724b778b'),
(59, 'Muhammad Luqman, S.Tr.Stat', 'luqman', 'dosen', 'Dosen TI dan Pengolahan', 'd3abc830e30eb29b4dec80f39ec57d0c'),
(60, 'Fadhil Aqsa Prana', '211910850', 'mahasiswa', 'Instruktur Utama Riset 4', 'f02a17c104cb879d9c07494e52f4d426'),
(61, 'Arya Candra Kusuma', '212011251', 'mahasiswa', 'Instruktur Utama Riset 3', 'acd6f14c7483b261764577a26a80a444'),
(62, 'Nashif Satria Ramadhan', '212011262', 'mahasiswa', 'BPH Riset 2', '2cbda4e21a0cc15260b8bff908a43547'),
(63, 'Wildhan Surya Putra', '212011268', 'mahasiswa', 'BPH Riset 4', 'e4a583a9e6ecdc1d9a8f87a1f44ee52f'),
(64, 'Syahrizal Kautsar', '212011273', 'mahasiswa', 'Instruktur Utama Riset 2', '319239f598ce55a3130ae6e09078d879'),
(65, 'Adit Kholiq', '212011280', 'mahasiswa', 'Instruktur Utama Riset 2', 'd3da6f63cef0f140d50fb9ccbe23711b'),
(66, 'Ditto Satrio Wicaksono', '212011308', 'mahasiswa', 'Instruktur Utama Riset 3', '5c0714e5e8cb6f32da050670f4553d82'),
(67, 'Aisyah ‘Azizah Nur Rahmah', '212011312', 'mahasiswa', 'BPH', '671b4d46698ef7ce21cdc0d1c5700a74'),
(68, 'Muhammad Prabu Dirgantara', '212011359', 'mahasiswa', 'Koordinator Wilayah Kabupaten Malang', '925d3499c239d66066c5fb8c6a004054'),
(69, 'Steven Navaldin Hondro', '212011368', 'mahasiswa', 'BPH Riset 2', 'f31762b0713e866df32101fba8d20407'),
(70, 'Renaldi Ade Permana', '212011435', 'mahasiswa', 'BPH Riset 4', '1a9589add80fc2c0a2a5d28e1a8f7bed'),
(71, 'Huda Muhammad Fajar', '212011457', 'mahasiswa', 'BPH', 'df20ed0dc7ed942c21bab7c487761e1f'),
(72, 'Milie Diarty', '212011491', 'mahasiswa', 'BPH Riset 2', 'e2a8061d75eba54f371c35c86db383c0'),
(73, 'Maria A. Hasiholan Siallagan', '212011557', 'mahasiswa', 'Instruktur Utama Riset 3', '1441c9dad74372bd1b11bc7de7e1a409'),
(74, 'Erlina Nur Syamsiyah', '212011573', 'mahasiswa', 'BPH Riset 3', '4db481c80587cbedfcc7bccc3d5b2b39'),
(75, 'Muhammad Gozali Yahya', '212011598', 'mahasiswa', 'Koordinator Wilayah Kabupaten Malang', '3bfe271f60294a7b555ea29732626ca1'),
(76, 'Sabrina Do Miswa', '212011641', 'mahasiswa', 'BPH Riset 4', '49bb0e9c49ec5e0f6ceb1d2292c771a6'),
(77, 'Kinanthi Ilham Pradastika', '212011680', 'mahasiswa', 'BPH Riset 3', 'cda5ef4bdcb87e274e6fca4495a9a23f'),
(78, 'Anugerah Surya Pramana', '212011692', 'mahasiswa', 'Koordinator Wilayah Kota Malang', '45592e8435c263cfd68c21b87de39710'),
(79, 'Priatmadani', '212011699', 'mahasiswa', 'Instruktur Utama Riset 3', '0f7e32bcaa409f1312aa8c4ec4286f13'),
(80, 'Muhammad Ahnaf Raes', '212011716', 'mahasiswa', 'Instruktur Utama Riset 2', 'dca3066de201079a42728f657df0c204'),
(81, 'Achmad Choirul Huda', '212011728', 'mahasiswa', 'BPH Riset 2', '17d74315c15cbfd218ecdf6db367f892'),
(82, 'Ni Wayan Dani Savitri', '212011759', 'mahasiswa', 'Instruktur Utama Riset 2', '17d74315c15cbfd218ecdf6db367f892'),
(83, 'Imam Hadi Susanto', '222011324', 'mahasiswa', 'Bidang TI', '3438152c515f348cee21f7f560ec9aaf'),
(84, 'Arnoldy Fatwa Rahmadin', '222011330', 'mahasiswa', 'Bidang TI', '45b27c56ff3d650507f1baeae07c6285'),
(85, 'Ahmad Faqih Pratama', '222011345', 'mahasiswa', 'Bidang TI', 'b2c532559165722a81db6c36d85ed0b1'),
(86, 'Muhamad Feriyanto', '222011347', 'mahasiswa', 'BPH Riset 3', '54ba937050c088f5a81d046bb9f08fdb'),
(87, 'Ladisa Busaina', '222011349', 'mahasiswa', 'BPH Riset 1', '44f160ab7a12548a41e400e1db73bc14'),
(88, 'Abdullah Ridwan', '222011352', 'mahasiswa', 'BPH Riset 4', '16abc035c2aa01bf5ced76277a8046c3'),
(89, 'Restu Satrio Pinanggih', '222011372', 'mahasiswa', 'Bidang TI', 'fa3ca32ccd2e5adf5f7e2edee0748450'),
(90, 'Roby Awaludin Fajar', '222011392', 'mahasiswa', 'Bidang TI', '6f64e7417d85c054eb7e5d9393c4a8e8'),
(91, 'Maria Shawna Cinnamon Claire', '222011403', 'mahasiswa', 'Bidang TI', '4f032d7785612ad37ef57248e7a04a0e'),
(92, 'Novanni Indi Pradana', '222011436', 'mahasiswa', 'Bidang TI', '15233e5dec6f5cbfac77872b61424b46'),
(93, 'Indah Simbolon', '222011451', 'mahasiswa', 'BPH Riset 4', 'c866bebc56229bca7e14fb79107aa25e'),
(94, 'Paulus Ronal Clinton Satria Halawa', '222011469', 'mahasiswa', 'Bidang TI', '8842353dce0d925cfbf6f48e77b12f6e'),
(95, 'Firhand Yusuf Kamal', '222011513', 'mahasiswa', 'BPH Riset 1', '416614cd447954d0a4d5d54c968f84df'),
(96, 'Intan trihandini alawiyah', '222011537', 'mahasiswa', 'BPH Riset 1', '9c43632d4249b25e5d4d2d52fb382692'),
(97, 'Ade Rifqy Setiawan', '222011538', 'mahasiswa', 'Koordinator Wilayah Kota Surabaya', '2d6b894c0cb9bb42589524b7503fea53'),
(98, 'Randi Qodri .P', '222011549', 'mahasiswa', 'BPH Riset 4', '8842353dce0d925cfbf6f48e77b12f6e'),
(99, 'Maulidya Fan Ghul Udzan Utami', '222011572', 'mahasiswa', 'Bidang TI', '1526addd20e7498303284c250a28b933'),
(100, 'Fatih Mahawisesa', '222011585', 'mahasiswa', 'Bidang TI', 'c9ea0465eb0d620d7313ef01097eb64e'),
(101, 'Berliana Sugiarti Putri', '222011595', 'mahasiswa', 'BPH', 'd938e21f73cc771b47a3256f15d79957'),
(102, 'Farkhan Ariyasa', '222011601', 'mahasiswa', 'Bidang TI', '86d3b38d3a89e24f3294c9bc1f6a7fdd'),
(103, 'Faiq Rosadi Arridho', '222011636', 'mahasiswa', 'Instruktur Utama Riset 1', 'b39bb0401efc8f274e6a4b77f4701471'),
(104, 'Zuhdi Ali Hisyam', '222011642', 'mahasiswa', 'Bidang TI', '020be7fa86c5e3c341b8cb1c38ccce42'),
(105, 'Muhammad Hanief', '222011686', 'mahasiswa', 'Koordinator Wilayah Kota Batu', '020be7fa86c5e3c341b8cb1c38ccce42'),
(106, 'Akhir Mubarok', '222011698', 'mahasiswa', 'Instruktur Utama Riset 1', '368671dd786ff5946235d11038ce8b3d'),
(107, 'Anisa\' Faoziah', '222011710', 'mahasiswa', 'Instruktur Utama Riset 4', '007542c2a03dcb00f00f687f6d3f3045'),
(108, 'Rofa Raudhatul Jannah', '222011748', 'mahasiswa', 'BPH Riset 1', '7c606ad3ddf936218e7c036746e31a0e'),
(109, 'Gilang Wahyu Prasetyo', '222011750', 'mahasiswa', 'Instruktur Utama Riset 1', '507376588f7365e2e6af8a110cb0db61'),
(110, 'Muhammad Farhan', '222011780', 'mahasiswa', 'BPH Riset 1', 'bd3e834e1d142b493c83ed4eb7f91dda'),
(111, 'Arief Satrio Laksono', '222011790', 'mahasiswa', 'Koordinator Wilayah Kabupaten Malang', '36b3d41b1daf8098359933f124383e6a'),
(112, 'Achmad Arfiandys Abdi Pradana', '222011791', 'mahasiswa', 'Instruktur Utama Riset 4', '6936d3eecefd4d0f6dab8d24d7237231'),
(113, 'Ahmad Zein Abid Muhabbab', '222011815', 'mahasiswa', 'Bidang TI', '5e710e88daec90bf91c342f542a1f4f7'),
(114, 'Siti Muchlisoh', 'sitim', 'dosen', 'Koordinator PKL D-IV 62', 'a20ca1070d7754846a3f8ed30d081529'),
(115, 'Rahmad Setiya Budi', '222011623', 'mahasiswa', 'Bidang TI', '5365c15e955f557d4f89d1b891435f42'),
(117, 'BPS Kota Batu', 'bpskotabatu', 'bps', 'BPS Kota Batu', '403b002b3425892b4f0353d0acf5c169'),
(118, 'BPS Kota Malang', 'bpskotamalang', 'bps', 'BPS Kota Malang', 'bea059ebc6a835ac210e2de9b8e31da1'),
(119, 'BPS Kabupaten Malang', 'bpskabmalang', 'bps', 'BPS Kabupaten Malang', '423d2e3d74fef010a11ce9fd818c3738'),
(120, 'BPS Kota Surabaya', 'bpskotasurabaya', 'bps', 'BPS Kota Surabaya', '53eb033150f3f816d138134f321ca223'),
(121, 'Politeknik Statistika STIS', 'stis', 'mahasiswa', 'Bidang TI', '2436da575b79ac8bad76051a980386f6');

-- --------------------------------------------------------

--
-- Table structure for table `webmon_log`
--

CREATE TABLE `webmon_log` (
  `email` varchar(255) DEFAULT NULL,
  `waktu` varchar(255) DEFAULT NULL
) ENGINE=InnoDB DEFAULT CHARSET=latin1;

--
-- Indexes for dumped tables
--

--
-- Indexes for table `posisi_pcl`
--
ALTER TABLE `posisi_pcl`
  ADD PRIMARY KEY (`nim`);

--
-- Indexes for table `timpencacah`
--
ALTER TABLE `timpencacah`
  ADD PRIMARY KEY (`id_tim`),
  ADD KEY `nim_koor` (`nim_koor`);

--
-- Indexes for table `user`
--
ALTER TABLE `user`
  ADD PRIMARY KEY (`id`);

--
-- AUTO_INCREMENT for dumped tables
--

--
-- AUTO_INCREMENT for table `user`
--
ALTER TABLE `user`
  MODIFY `id` int(11) NOT NULL AUTO_INCREMENT, AUTO_INCREMENT=122;
COMMIT;

/*!40101 SET CHARACTER_SET_CLIENT=@OLD_CHARACTER_SET_CLIENT */;
/*!40101 SET CHARACTER_SET_RESULTS=@OLD_CHARACTER_SET_RESULTS */;
/*!40101 SET COLLATION_CONNECTION=@OLD_COLLATION_CONNECTION */;
